,"Label	",Tweet,,,,,,,,
1,Non_HS,RT @spardaxyz: Fadli Zon Minta Mendagri Segera Menonaktifkan Ahok Jadi Gubernur DKI https:\/\/t.co\/KH5vIRwPdO,,,,,,,,
2,Non_HS,RT @baguscondromowo: Mereka terus melukai aksi dalam rangka memenjarakan Ahok atau Ahok gagal dalam Pilkada.,,,,,,,,
3,Non_HS,Sylvi: bagaimana gurbernur melakukan kekerasan perempuan? Buktinya banyak ibu2 mau foto bareng #DebatFinalPilkadaJKT,,,,,,,,
4,Non_HS,Ahmad Dhani Tak Puas Debat Pilkada,,,,,,,,
5,Non_HS,RT @lisdaulay28: Waspada KTP palsu.....kawal PILKADA https:\/\/t.co\/OOoERQV4SM,,,,,,,,
6,Non_HS,@felixsiauw masih bnyak hal agamis yg bisa dibahas,,,,,,,,
7,Non_HS,@saidaqil apa maksud pernyataan. Anda? Apa anda mengaminkan kriminalisasi Ahok?? Hati2 jg dg mulutmu pak! https:\/\/t.co\/H4ODVaY0Md,,,,,,,,
8,Non_HS,Ahok Akan Integrasikan Transportasi Publik dengan Sistem Single Ticketing\u2026 https:\/\/t.co\/42PH7pqV0b #infoTribun,,,,,,,,
9,Non_HS,Ahok mampu melawan korupsi di ibukota,,,,,,,,
10,Non_HS,Awasi Kecurangan Pilkada,,,,,,,,
11,Non_HS,Bisa gak kita seperti Jokowi dan Ahok? Aku kalem,,,,,,,,
12,Non_HS,Bos mau makan di istana ga,,,,,,,,
13,Non_HS,Cuti Habis Ahok Jadi Gubernur DKI Lagi? Pengamat: Jangan Mengada-ada | Republika Online https:\/\/t.co\/T3kzvq9E4e,,,,,,,,
14,Non_HS,Debat terakhir Pilkada DKI Jakarta digelar Jumat malam. https:\/\/t.co\/e9ixz6Jllr,,,,,,,,
15,Non_HS,Demonstran FPD Malteng Desak Bawaslu Hentikan Sementara Tahapan Pilkada Maluku Tengah,,,,,,,,
16,Non_HS,Dulu Didesak Berhentikan Ahok Ngeles Usai Masa Cuti Pilkada,,,,,,,,
17,Non_HS,Gila gara2 pilkada,,,,,,,,
18,Non_HS,Gontor Izinkan Santrinya Pulang Kampung Nyoblos Pilkada DKI | Republika Online https:\/\/t.co\/JhNOT8ecNz,,,,,,,,
19,Non_HS,Gubernur non-aktif DKI Jakarta,,,,,,,,
20,Non_HS,HEBAT .. !!! Imam Besar Masjid Istiqlal : Kalimat Ahok 100% Tidak Ada Penistaan AGAMA .. !! SEBARKAN,,,,,,,,
21,Non_HS,Ibu2 aja,,,,,,,,
22,Non_HS,Ini Jawaban Ahok Saat Ditanya Terkait Persiapan Debat Pilgub Terakhir Besok https:\/\/t.co\/S6rlsAR7Y9,,,,,,,,
23,Non_HS,Ini Pesan Ahok di Hari Pers Nasional #KitaPastiPernah https:\/\/t.co\/h0L6mrjM3R,,,,,,,,
24,Non_HS,Istighotsah Bersama Ahok Catut Logo NU https:\/\/t.co\/U2rPY3C25R,,,,,,,,
25,Non_HS,Itu yang ngomong jangan pilih Ahok Djarot pernah ngerasain banjir ga sih? :(,,,,,,,,
26,Non_HS,Iya aja deh dripada hoax...,,,,,,,,
27,Non_HS,Jadi teringat para pelacur.belia yg dijual orang tuanya.sendiri di pantura.demi sesuap nasi https:\/\/t.co\/X5DdR7m693,,,,,,,,
28,Non_HS,jadi yg nyebar hoax ketahuan dong ada akun twitter nya lho,,,,,,,,
29,Non_HS,Mpok @sylviana_murni-nya tolong Mas @AgusYudhoyono,,,,,,,,
30,Non_HS,Ke Bidara beli mangga. Pulang nye liwat Slipi. Jangan lupa ingetin tetangga. Untuk milih Agus sylvi. #7HariLagiMilihAHY #AgusBersamaUlama,,,,,,,,
31,Non_HS,Serius tapi ada selipan hiburannya \ud83d\ude06\ud83d\ude06\ud83d\ude06 #pilkadadki2017 #DebatFinalPilkadaJKT,,,,,,,,
32,Non_HS,Sylvie sukses blunder bikin paslon 1 drop elektabilitasnya dengan fitnah dan spin salah pilih kader #DebatFinalPilkadaJKT,,,,,,,,
33,Non_HS,Ahok: mari berlomba program #DebatFinalPilkadaJKT,,,,,,,,
34,Non_HS,#DebatFinalPilkadaJKT aduh... Kecewa pertanyaan paslon 1....,,,,,,,,
35,Non_HS,RT @agusdansylvi: #DebatFinalPilkadaJKT Saya pilih nomor 1. Sektor informal akan dimajukan mas Agus dan Mpok Sylvi.,,,,,,,,
36,Non_HS,RT @JTmor: Ahok pilihan terbaik untuk Jakarta,,,,,,,,
37,Non_HS,RT @augustfrankto: #DebatFinalPilkadaJKT Bu Silvy curhat karena pernah dimarahi sama Pak Ahok...hehe..,,,,,,,,
38,Non_HS,Mantap pak AHOK #DebatFinalPilkadaJKT,,,,,,,,
39,Non_HS,Ahok gagah kaya gatot kaca! #DebatFinalPilkadaJKT,,,,,,,,
40,Non_HS,Telaaaakkk nomer satuuuu. Nghahahaha #DebatFinalPilkadaJKT,,,,,,,,
41,Non_HS,Lomba adu program #DebatFinalPilkadaJKT #SkakSilvi,,,,,,,,
42,Non_HS,#DebatFinalPilkadaJKT Denger banyak program dan janji dan sering tau pas jadi ga dijalankan rasanya males aja sih.,,,,,,,,
43,Non_HS,DEBAT CAGUB DKI ke 3 - 10 Februari 2017 - Segmen 3 Mantap Ahok SKAK Sylviana Murni\n\n#DebatFinalPilkadaJKT,,,,,,,,
44,Non_HS,Pertanyaan Ibu Silvy rada maksa.. #DebatFinalPilkadaJKT,,,,,,,,
45,Non_HS,Tanggal 15,,,,,,,,
46,Non_HS,Saya pribadi bakal prefer kok muslim dengan kapabilitas,,,,,,,,
47,Non_HS,Yang mendukung Mas Anies bukan berarti anti Pak Ahok,,,,,,,,
48,Non_HS,Spanduk Tolak Salatkan Pembela Penista Agama juga Muncul di Kalibata https:\/\/t.co\/Sr1PbYtigN,,,,,,,,
49,Non_HS,#DebatFinalPilkadaJKT Telak banget anjir ngakak!,,,,,,,,
50,Non_HS,Ayo berlomba program jangan fitnah2 #DebatFinalPilkadaJKT,,,,,,,,
51,Non_HS,RT @deelestari: Akhirnya nggak ngantuk lagi! Yeay! #DebatFinalPilkadaJKT,,,,,,,,
52,Non_HS,Duh dibilang ga punya program paslon 1... kesian kesian kesian ... #debatfinalpilkadajkt,,,,,,,,
53,Non_HS,Tuntut Keadilan Bagi Penista Agama,,,,,,,,
54,Non_HS,Keras nih ahok #DebatFinalPilkadaJKT,,,,,,,,
55,Non_HS,Paslon 3 Anies Sandiaga Uno 15 Feb 2017 Utk Jakarta Indonesia Raya OK OCE,,,,,,,,
56,Non_HS,Sesuai namanya: RONDE FINAL\n\n#DebatFinalPilkadaJKT,,,,,,,,
57,Non_HS,Mendagri Tambah Pusing,,,,,,,,
58,Non_HS,Tolong adu program,,,,,,,,
59,Non_HS,Genderang perang makin kencang #DebatFinalPilkadaJKT,,,,,,,,
60,Non_HS,Mpok sylvi udah mulai emosi \ud83d\ude02\n #DebatFinalPilkadaJKT,,,,,,,,
61,Non_HS,Some people gabisa bedain kasar sama tegas. #DebatFinalPilkadaJKT,,,,,,,,
62,Non_HS,Beliau para pemimpin hebat Indonesia! Kita bangga https:\/\/t.co\/NAWbps9Xpt https:\/\/t.co\/5cC2U9AIEv,,,,,,,,
63,Non_HS,@InformasiDKI mungkin bu silvy jg pengen foto sama pak ahok hihihi #DebatFinalPilkadaJKT,,,,,,,,
64,Non_HS,#DebatFinalPilkadaJKT Mulai saling serang deh,,,,,,,,
65,Non_HS,RT @InaKinoy: baca ini dulu lah biar mendinginkan suasana #DebatFinalPilkadaJKT https:\/\/t.co\/Em9GCKc4qe,,,,,,,,
66,Non_HS,ayo berlomba program jgn pitnah doank.. #DebatFinalPilkadaJKT #BadjaPastimenang,,,,,,,,
67,Non_HS,RT @qronoz: Pokoknya kalo Ahok udah ngomong: Aduuuuuuh KELAR. #DebatFinalPilkadaJKT,,,,,,,,
68,Non_HS,Senjata makan tuan #DebatFinalPilkadaJKT #DebatFinalDKI,,,,,,,,
69,Non_HS,Ahok kekerasan verbal? Masa koruptor dielus2 #DebatFinalPilkadaJKT,,,,,,,,
70,Non_HS,RT @qronoz: Gak ada program yang mau diserang yang diserang karakternya. AHaY! \ud83d\ude02 #DebatFinalPilkadaJKT,,,,,,,,
71,Non_HS,Terkait Jakarta tak Ramah anak apa tanggapan Pak @aniesbaswedan https:\/\/t.co\/ufA55UWBcI,,,,,,,,
72,Non_HS,emang OK OCE anies dan sandi dalam mengatasi urbanisasi dan lapangan kerja #DebatFinalPilkadaJKT https:\/\/t.co\/BrCeCZSkux,,,,,,,,
73,Non_HS,Suporternya mulai kampungan paslon masih ngomong jg ...... #DebatFinalPilkadaJKT,,,,,,,,
74,Non_HS,Mulai seru ni #DebatFinalPilkadaJKT,,,,,,,,
75,Non_HS,#DebatFinalPilkadaJKT nangis nangis ketonjok lagi,,,,,,,,
76,Non_HS,RT @Kafyonaa: JADI DEBAT TERAKHIR NANTI MALAM PILIHANMU JATUH KE PASLON YANG MANA? #DebatFinalPilkadaJKT #Debat3PilkadaDKI,,,,,,,,
77,Non_HS,RT @magendajuang: Wkwkwk udah dah pilih Anies Sandi aja :) #DebatFinalPilkadaJKT https:\/\/t.co\/hMXhjyHBnJ,,,,,,,,
78,Non_HS,fitnah lebih kejam loh dari pembunuhan #DebatFinalPilkadaJKT,,,,,,,,
79,Non_HS,mari #debatsehat. jangan coba pakai #datasesat. #DebatFinalPilkadaJKT #DebatFinalDiKompasTV,,,,,,,,
80,Non_HS,RT @prastow: Apapun itu,,,,,,,,
81,Non_HS,RT @SydSalesman: inilah wujud nasional-is-me dagangannya @pandji ... hebat! https:\/\/t.co\/0fYIG6c2xl,,,,,,,,
82,Non_HS,Pak dosen makin keliatan aslinya :(,,,,,,,,
83,Non_HS,RT @gabriellaanDini: Dulu di awal kampanye bukannya uda deklarasi anti SARA??? Tadinya gw pikir no.3 lebih mending dari no.1,,,,,,,,
84,Non_HS,#DebatFinalPilkadaJKT mateng mpok Silvy di bombardir Pak Ahok... jawaban cerdas Pak Ahok..,,,,,,,,
85,Non_HS,#DebatFinalPilkadaJKT mohon tenang,,,,,,,,
86,Non_HS,Yg no.1 nih ngomongin hal yg di luar program mulu ya. Ngga ada bhan ya bwt serang lawan.. Cape dehh! #DebatFinalDKI #DebatFinalPilkadaJKT,,,,,,,,
87,Non_HS,Cinta pak Ahok pokoknya #DebatFinalPilkadaJKT,,,,,,,,
88,Non_HS,#DebatFinalPilkadaJKT nggak cuma ibu2 yang pengen foto sama Ahok bapak2 juga lho,,,,,,,,
89,Non_HS,Mas Agus saya akui malam ini....rambut kamu bagus! #DebatFinalPilkadaJKT,,,,,,,,
90,Non_HS,RT @republikaonline: Ahok Janji Berani Tutup Tempat Hiburan Malam yang Jual Narkoba,,,,,,,,
91,Non_HS,Agus-Sylvi sisipkan bahasa jawa saat debat https:\/\/t.co\/fGTfXgaINx,,,,,,,,
92,Non_HS,RT @hariadhi: Ahok udah perhatikan penyandang disabilitas,,,,,,,,
93,Non_HS,Ahok keren!!! #DebatFinalPilkadaJKT,,,,,,,,
94,Non_HS,Gimana ya Tim Ahok kok makin disudutkan(?) Mungkin karena ini final kali y,,,,,,,,
95,Non_HS,Nih fakta buat yg asbun. #BadjaPastimenang #DebatFinalPilkadaJKT,,,,,,,,
96,Non_HS,Siap-siap meme CCTV. #DebatFinalPilkadaJKT #Debat3PilkadaDKI #DebatFinalDKI,,,,,,,,
97,Non_HS,Nyinyir tingkat nasional #DebatFinalPilkadaJKT,,,,,,,,
98,Non_HS,Drama bgt itu :(( #DebatFinalPilkadaJKT,,,,,,,,
99,Non_HS,Ini judulnya Debat atau nyerang paslon 2 ?????? #DebatFinalPilkadaJKT,,,,,,,,
100,Non_HS,Lha kok menyerang gitu ya #DebatFinalPilkadaJKT,,,,,,,,
101,Non_HS,Debat sama berantem beda tipis #DebatFinalPilkadaJKT,,,,,,,,
102,Non_HS,Orang tegas dibilang maki-maki orang -_- #DebatFinalPilkadaJKT,,,,,,,,
103,Non_HS,1 atau 2 perempuan berbeda dengan kaum perempuan #DebatFinalPilkadaJK,,,,,,,,
104,Non_HS,mantap OK OCE anies sandi dalam mengatasi urbanisasi dan lapangan kerja,,,,,,,,
105,Non_HS,RT @WisnuDewobroto: Ga seru nih. selalu mengungkit masa lalu :). kekerasan Verbal semua pernah lakukan manusia biasa. #DebatFinalPilkadaJKT,,,,,,,,
106,Non_HS,satu perempuan bukan semua perempuan #DebatFinalPilkadaJKT,,,,,,,,
107,Non_HS,#DebatFinalPilkadaJKT Pertanyaan paslon 1 dpt dikategorikan sbg kekerasan dalam debat.,,,,,,,,
108,Non_HS,@jokowi pak maafkan saya. Biarkan malam ini saja saya memposting ujaran kebencian. Hanya malam ini saja pak xoxo #DebatFinalPilkadaJKT,,,,,,,,
109,Non_HS,Semoga Allah memenangkan pak Anies-sandi https:\/\/t.co\/sns0rXRw3f,,,,,,,,
110,Non_HS,#DebatFinalPilkadaJKT non muslim coblos Ahok muslim coblos Djarot. Bagaimana?,,,,,,,,
111,Non_HS,#DebatFinalPilkadaJKT *pemimpin harus dapat ciptakan suasana damai tentram dan bukan adu domba atau hasutan,,,,,,,,
112,Non_HS,Saya bertanya kepada Bapak Presiden dan Kapolri OK OCE tuh apaan? #DebatFinalPilkadaJKT,,,,,,,,
113,Non_HS,Keliatan banget keberpihakan media #DebatFinalPilkadaJKT,,,,,,,,
114,Non_HS,RT @di_HatiKecil: Bagus nih ilustrasinya #DebatFinalPilkadaJKT https:\/\/t.co\/zAQLqrBiUF,,,,,,,,
115,Non_HS,RT @rezaoktovian: Ahok terlalu keren :'),,,,,,,,
116,Non_HS,isinya timeline twitter cm pilkada.. membosankan sekali..,,,,,,,,
117,Non_HS,Mohon tenang mohon tenang #DebatFinalPilkadaJKT,,,,,,,,
118,Non_HS,ah diulang. Jawabannya bisa beda kan? #DebatFinalPilkadaJKT,,,,,,,,
119,Non_HS,Perasaan bukan pertanyaan itu deh yg td dijawab om @aniesbaswedan audionya ga keluar atau ia ya? #DebatFinalPilkadaJKT,,,,,,,,
120,Non_HS,Boleh tinggal di pinggir kali meski bukan tanahnya boleh jualan di pinggir jalan,,,,,,,,
121,Non_HS,RT @rigenz123: Sehatkan Warga DKI Melalui #JakartaBerlari Barulah Pembangunan Dapat Sejahterakan Warganya. #DebatFinalPilkadaJKT,,,,,,,,
122,Non_HS,kalau kamu diputuskan pacar tanpa sebab mungkin program OKE OCE bisa jadi solusi nya #DebatFinalPilkadaJKT,,,,,,,,
123,Non_HS,Melibatkan yang paham pada bidangnya untuk duduk bersama memecahkan solusi. Cara kepemimpinan yg cerdas ! #DebatFinalPilkadaJKT,,,,,,,,
124,Non_HS,Justru laki-laki lah yang sering mengalami kekerasan verbal. Berapa kali dirimu dimarahi istrimu..? Ayo ngaku.,,,,,,,,
125,Non_HS,RT @TirtoID: Soal gerakan-gerakan ala @aniesbaswedan #PeriksaData #DebatFinalPilkadaJKT,,,,,,,,
126,Non_HS,Mayoritas warga Jakarta ingin dipimpin Gubernur baru. Emang iya? #DebatFinalPilkadaJKT,,,,,,,,
127,Non_HS,Paslon 1 selalu nyerang paslon 2 ni #DebatFinalPilkadaJKT,,,,,,,,
128,Non_HS,RT @JktMajuBersama: Upaya Anies-Sandi untuk mendukung perempuan menjadi pelaku UKM :) #DebatFinalPilkadaJKT,,,,,,,,
129,Non_HS,Salah satu indikator meningkatnya kualitas hidup warga Jkt adl terus bisa tersenyum seperti Pak Djarot malam ini,,,,,,,,
130,Non_HS,Tontonan yg wajib ditunggu sehabis #DebatFinalPilkadaJKT,,,,,,,,
131,Non_HS,RT @ainouun: Pak Ahok : penyandang disabilitas bukan hanya mereka,,,,,,,,
132,Non_HS,RT @tribunjateng: Saat Jeda,,,,,,,,
133,Non_HS,@Boojaee sayang hyung cuma pencitraan :* wkwk,,,,,,,,
134,Non_HS,@kurawa Msh inget sm ibu penjual kue di balaikota,,,,,,,,
135,Non_HS,Biar jajan naik sejuta https://t.co/veZ5PXxDfr,,,,,,,,
136,Non_HS,bio gw belum diganti astagfirullah rusak pencitraan cewe cantik,,,,,,,,
137,Non_HS,#MataNajwaDebatJakarta Ya ampun udh closing statement msh aja commentnya ky gitu ya,,,,,,,,
138,Non_HS,Hah uda closing statement?? Cepet bener?? #DebatFinalPilkadaJKT,,,,,,,,
139,Non_HS,RT @digembok: #DebatFinalPilkadaJKT kali ini keren.Biasanya ada sesi tanya-jawab Kali ini ada SESI CURHAT,,,,,,,,
140,Non_HS,Ketiga paslon gagal menjawab pertanyaan yang jawabannya harus memuji kebaikan paslon lain,,,,,,,,
141,Non_HS,Mari berjuang bersama SBYudhoyono utk memenangkan #SaduddinDhani di #PilkadaKabBekasi2017 #BekasiSAH #BekasiBerjaya,,,,,,,,
142,Non_HS,Jikapun aparatur bisa dibeli,,,,,,,,
143,Non_HS,Pasangan mana yang unggul dalam debat kandidat Gubernur-Wagub DKI Jakarta Malam Ini?,,,,,,,,
144,Non_HS,Keberagaman itu datang dr hati terdalam,,,,,,,,
145,Non_HS,Membangun bangsa dan negara ini engga cukup dengan metoda pencitraan saja ,,,,,,,,
146,Non_HS,RT @adelladellaide: Bersikap baik dan menjaga prilaku di depan umum bukan berarti pencitraan,,,,,,,,
147,Non_HS,RT @FiersaBesari: Saat jujur," ada yg iri. Abaikan.""",,,,,,,
148,Non_HS,Umat Islam yg peduli agama mrk,,,,,,,,
149,Non_HS,#AniesIntoleran \nAnies Baswedan,,,,,,,,
150,Non_HS,@agusriyadi12345 Apakah perlu semua berita ahok harus menggunakan penista agama. Misalnya Penista agama sedang kampanye di Jakarta pusat.,,,,,,,,
151,Non_HS,@agusriyadi12345 Apakah tidak sadis,,,,,,,,
152,Non_HS,@Altefalken kemarin kan ada berita tentang penyakit mengingitis dari Babi,,,,,,,,
153,Non_HS,@ISejunnie @AHMADDHANIPRAST artis korea bisa world tour ahmad dhani bisa ?,,,,,,,,
154,Non_HS,@HaqueMarissa ," daging babi di bali apa hubungan nya ya??""",,,,,,,
155,Non_HS,Ahmad Dhani Bangkrut Ditagih Utang Melalui Video,,,,,,,,
156,Non_HS,Ahmad Dhani Sentil AHOK,,,,,,,,
157,Non_HS,Hehhee.. Makanya jangan mengagumi sesorng berlebihan.. Kecuali kepada Rasulullah.. https://t.co/ZXVB2DiRMg,,,,,,,,
158,Non_HS,#MataNajwaDebatJakarta acara uda abis menurut kalian debat sapa yang betul-betul memaparkan prog dan solusi?,,,,,,,,
159,Non_HS,Mereka (koruptor) meletakkan kitab suci ditempat paling rendah...tapi masih sok jadi pemilik kapling surga... https://t.co/oj5YN3WBeI,,,,,,,,
160,Non_HS,RT @99Ohhani: Woww dukungan Rakyat Palestina ke Ahok yg dituduhSbg penista Agama ?? mrk Mengelu2kan Ahok !!!Ahok is The Best https://t.co/,,,,,,,,
161,Non_HS,Pencitraan di socmed itu boleh-boleh aja. Tapi harus bisa tanggung jawab sama citra yang udh dibikin. Jangan sampe jadi malu-maluin. Kasian.,,,,,,,,
162,Non_HS,RT @kompascom: Kasus Kicauan Ahmad Dhani Dilimpahkan ke Polres Metro Jakarta Selatan. https://t.co/uJ0m7JernN,,,,,,,,
163,Non_HS,RT @kv_kahfi: Komplit bgt yaaaa..... Heran nya msh aja yg percaya dan idolain dia https://t.co/PNTYRAnaJO,,,,,,,,
164,Non_HS,RT @m0th3rb04rd__: bagaimana keadilan bisa tercipta jika si penista agama belum di vonis penjara\n #BerjamaahTolakReklamasi,,,,,,,,
165,Non_HS,RT @TeddyGusnaidi: Bro.. Kalau yg dimaksud Fatwa Penista agama,,,,,,,,
166,Non_HS,RT @TeddyGusnaidi: Sidang hari ini makin menguatkan bahwa Ahok bukan penista agama.. Ada yang bisa bantah?? \nhttps://t.co/2Ksj4snR1t,,,,,,,,
167,Non_HS,Sebut Ahok Bukan Akademisi,,,,,,,,
168,Non_HS,Yg melakukan Penista Agama sesungguhnya,,,,,,,,
169,Non_HS,Kalah di Pilkada Bekasi,,,,,,,,
170,Non_HS,#MataNajwaDebatJakarta Bravo closing statement Anies malam ini.kalau nggak ada debat saya nggak mungkin nonton mata najwa sdh lama tdk suka.,,,,,,,,
171,Non_HS,#MataNajwaDebatJakarta jawaban terakhir Anis jadi bikin ingat jawaban dia pas debat kemarin,,,,,,,,
172,Non_HS,#MataNajwaDebatJakarta buzzer ahok lagi kerja keras nih,,,,,,,,
173,Non_HS,#MataNajwaDebatJakarta kerendahan hati dan lawan kerendahan hati kelihatan banget..,,,,,,,,
174,Non_HS,#MataNajwaDebatJakarta kok gaya pak @aniesbaswedan kayak SBY ya?,,,,,,,,
175,Non_HS,#MataNajwaDebatJakarta kenyataannya si anis nyaman bgt dgn isu sara kok ,"Non_HS	#MataNajwaDebatJakarta nyesel liat debat tidak bermutu cuma bisa mencela..Non_HS	#MataNajwaDebatJakarta.kesimpulan: Saya tdk rela punya Gub seorg Anies dan sy percaya Ahok akan menang. Salam 2 jari.Non_HS	@ibnusungeb ahoker panas dingin ahok kalah debat Sama Anis. #MataNajwaDebatJakartaNon_HS	Ada yg tahu ga backsound penutup mata najwa ini siapa musisinya dan apa judulnya? #MataNajwaDebatJakartaNon_HS	#MataNajwaDebatJakarta p ahok apapun hanya Utk rakyat"," p anies tkt dicurangi... Ngerti bedanya..""",,,,,,
176,Non_HS,@MataNajwa mantapppp Mata Najwa diskusi lebih hidup dan mendidik," jauh berkualitas di banding debat yg selenggarakan KPU""",,,,,,,
177,Non_HS,"@MataNajwa mbak najwa..ayo ""ketengah"" lagi sedikit..jgn terlihat ke kiri",,,,,,,,
178,Non_HS,Dan soal soal ribut-ribut pribumi vs non pribumi yang ramai di beranda saya itu,,,,,,,,
179,Non_HS,Sedih liat pak anies saat ini,,,,,,,,
180,Non_HS,Awal sp akhir @aniesbaswedan bisanya cm serang pribadi @basuki_btp gak ada program yg perlu dibanggakan #MataNajwaDebatJakarta,,,,,,,,
181,Non_HS,Gimana nih om @pandji pasti ikut gedeg juga kan dengerin retorika ga ada wawasan. Tapi gimana udah terlanjur ya. #matanajwadebatjakarta,,,,,,,,
182,Non_HS,Haduhhhh Pak Anies.. Terus pendukung anda yang didatengin ke Jakarta itu dari mana pak? Dari luar jakarta kan #MataNajwaDebatJakarta,,,,,,,,
183,Non_HS,Haha anies pendemo2 dr jawa barat kok ga ngomen. Takut kalah ya haha #MataNajwaDebatJakarta,,,,,,,,
184,Non_HS,#MataNajwaDebatJakarta pak uno habis 62M istrinya ga marah ya pak? Saya mo beli sepatu 300rb aja istri saya marah2 pak,,,,,,,,
185,Non_HS,#MataNajwaDebatJakarta jangan suka menyerang,,,,,,,,
186,Non_HS,#MataNajwaDebatJakarta Paslon 3 serang terus dengan membawa2 hal2 yg biasa menyerang,,,,,,,,
187,Non_HS,Aahhh akuh sedih,,,,,,,,
188,Non_HS,#MataNajwaDebatJakarta saludd utk mata najwa,,,,,,,,
189,Non_HS,Jadilah orang yang bertanggung jawab atas segala tindakan anda. dengan demikian anda akan menuai hal yang positif. #SidangAhok,,,,,,,,
190,Non_HS,Menurut Anda,,,,,,,,
191,Non_HS,Semua kejujuran akan mendapatkan pahala dari surga. Sabar ya Pak Basuki #FreeAhok https://t.co/NlgbEcj4Jc,,,,,,,,
192,Non_HS,Jadilah orang yang bertanggung jawab atas segala tindakan anda. dengan demikian anda akan menuai hal yang positif. #SidangAhok,,,,,,,,
193,Non_HS,#MataNajwaDebatJakarta terima kasih telah memberikan pendidikan demokrasi pada rakyat Indonesia,,,,,,,,
194,Non_HS,Keberagaman itu datang dr hati terdalam,,,,,,,,
195,Non_HS,Membangun bangsa dan negara ini engga cukup dengan metoda pencitraan saja ,,,,,,,,
196,Non_HS,jangan ada keberpihakan dalam badan hukum karena itu akan merusak demokrasi #important #MataNajwaDebatJakarta,,,,,,,,
197,Non_HS,Jika lo bisa menceritakan kembali kalimat2 yg dilontarkan Anies di @MataNajwa dgn bahasa lo sendiri,,,,,,,,
198,Non_HS,kalau liat sosmed,,,,,,,,
199,Non_HS,Seharusnya mah basuki sudah bebas ya kan? #FreeAhok https://t.co/Mw3k0vYweF,,,,,,,,
200,Non_HS,Kenapa debat @MataNajwa ini,,,,,,,,
201,Non_HS,Kalau lihat Ahok itu kayak lihat power rangers merah,,,,,,,,
202,Non_HS,Kesimpulan. Ahok spt biasa fokus detail ke program. Anies terlalu fokus menjatuhkan lawan #MataNajwaDebatJakarta,,,,,,,,
203,Non_HS,pertunjukan yang sangat membuat saya serius dan gak mau diganggu,,,,,,,,
204,Non_HS,Jangan berpihak...melayani rakyat dengan sepenuh hati..Tuhan yang memberi kekuasaan.. Tuhan yang mengambil..-ahok#MataNajwaDebatJakarta,,,,,,,,
205,Non_HS,Pak Ahok jangan blunder dong Pak..dari tadi udah bagus. Pertanyaannya komitmen menerima hasil kontestasi. #MataNajwaDebatJakarta,,,,,,,,
206,Non_HS,jangan ada keberpihakan dalam badan hukum karena itu akan merusak demokrasi #important #MataNajwaDebatJakarta,,,,,,,,
207,Non_HS,Jika lo bisa menceritakan kembali kalimat2 yg dilontarkan Anies di @MataNajwa dgn bahasa lo sendiri,,,,,,,,
208,Non_HS,Kenapa debat @MataNajwa ini,,,,,,,,
209,Non_HS,Kiranya Jakarta semakin baik. Selamat berjuang buat Pak Ahok dan Pak Anies ! #MataNajwaDebatJakarta,,,,,,,,
210,Non_HS,Masihkah Ahoker debat soal program? Jlebb.. KO kena uppercut Anies soal KJP. Pergubnya blm di rubah.. @roemahdjoeang @NetizenTofa @cepot234,,,,,,,,
211,Non_HS,RT @alysap_: Semua penganut agama harus dapet hak yang sama - Ahok #MataNajwaDebatJakarta,,,,,,,,
212,Non_HS,Aku heran kenapa ilklan kampanye #AhokDjarot yg terbaru itu begitu," atau aming #IklanAhokJahat""",,,,,,,
213,Non_HS,Abis nyoblos streaming video perkembangan Pilkada 2017 pake #SisaKuotaGakHangus dari @IM3Ooredoo kuota ga habis deh,,,,,,,,
214,Non_HS,muslim sedang diuji di negara yg mayoritas Islam..semoga kita smua bisa bersabar dan menahan utk tidak berbicara kasar sbg balasan,,,,,,,,
215,Non_HS,Kiranya Jakarta semakin baik. Selamat berjuang buat Pak Ahok dan Pak Anies ! #MataNajwaDebatJakarta,,,,,,,,
216,Non_HS,RT @grcllafrn: Pak Anies,,,,,,,,
217,Non_HS,RT @kompascom: Bagaimana metode penarikan sampel hitung cepat yg dilakukan Litbang Kompas dlm Pilkada DKI Jakarta 2017? Simak disini,,,,,,,,
218,Non_HS,mnding diem aja pak @basuki_btp semua pergerakanmu pasti disalahkan,,,,,,,,
219,Non_HS,RT @netmediatama: Perbincangan menarik di Quick Count Pilkada 2017 bersama @irakoesno. #NETPilkada https:\/\/t.co\/odbVw4uWMr,,,,,,,,
220,Non_HS,Bersyukur menutup kampanye hari ini dengan berdoa agar PILKADA DKI Jakarta pada 15 Februari 2017 berjalan dengan lancar,,,,,,,,
221,Non_HS,Julia Perez Kecewa Gagal Nyoblos Pilkada DKI 2017 di TPS 15 RSCM https:\/\/t.co\/vajPLioiek,,,,,,,,
222,Non_HS,Disediakan Ambulans untuk Pasien Mencoblos pada Pilkada DKI 2017,,,,,,,,
223,Non_HS,RT @miekarinayam: Saya bertanya apakah saya memang tak boleh ikut Pilkada 2017? Apakah saya kehilangan hak saya yg dijamin konstitusi?,,,,,,,,
224,Non_HS,Ya Allah! Anis dan Sandi bakal jadi Gubernur DKI Jakarta terpilih di tahun ini,,,,,,,,
225,Non_HS,Domisili gue di Jakpus bela-belain ke TPS yg berlokasi di Jakbar dgn bermodal e-KTP buat ikutan Pilkada 2017.,,,,,,,,
226,Non_HS,RT @netmediatama: Presiden @jokowi menggunakan hak suaranya untuk Pilkada DKI Jakarta 2017 di TPS 4 Gambir Jakarta Pusat. #NETPilkada,,,,,,,,
227,Non_HS,RT @boelatboelat: agree pak @basuki_btp kekuasaan itu Tuhan yang kasih,,,,,,,,
228,Non_HS,RT @AzzamBarbarossa: Akibat Nila Setitik Rusak Susu Sebelangga,,,,,,,,
229,Non_HS,Mudah-mudahan Novel baswedan tidak alami kebutaan pada matanya. Kalau sampai buta,,,,,,,,
230,Non_HS,Mengapa mereka melakukan ini,,,,,,,,
231,Non_HS,RT @hariadhi: Siapa yg salah? Ahok? Iklannya? Bukan.. yang perlu diprotes adalah orang yg benar2 pake spanduk itu #IklanAhokJahat https://t,,,,,,,,
232,Non_HS,Sampe sekarang gue blm ngerti dp rumah 0% itu gmn skemanya. Trs emg ada ya perbankan yg mau ngasih kredit rumah gak pakai dp? #debatfinalpilkadadki,,,,,,,,
233,Non_HS,#debatfinalpilkadadki Bagi Anies gubernur adalah pemimpin,,,,,,,,
234,Non_HS,Kalimat Penutup Anies Ambisius,,,,,,,,
235,Non_HS,pertunjukan yang sangat membuat saya serius dan gak mau diganggu,,,,,,,,
236,Non_HS,RT @BelaQuran: Kami tdk akan terprovokasi dgn sentimen dan jualan SARA mu itu,,,,,,,,
237,Non_HS,Semakin umat di suguhkan #IklanAhokJahat maka akan semakin terlihat siapa yang menebar kebencian terhadap kerukunan antar umat beragama,,,,,,,,
238,Non_HS,Hampir semua polling Anies - Sandi yang menang. Semoga hari H nya juga demikian. #AniesSandi,,,,,,,,
239,Non_HS,RT @anjisudirman: @fahiraidris Yg iklankan kampanye ahox adalah yg sama sebarin spanduk syariah dan brosur black campaign. #IklanAhokJahat,,,,,,,,
240,Non_HS,Oke Oce akan menjadi brand dimana,,,,,,,,
241,Non_HS,RT @BelaQuran: Sungguh sgt mengherankan,,,,,,,,
242,Non_HS,Debat Final Pilkada DKI Jakarta,,,,,,,,
243,Non_HS,Jika persoalan pemimpin hanya dikaitkan dengan lisan,,,,,,,,
244,Non_HS,Cerita Djarot ini diharapkan membuat para pendukung tetap berdamai. #debatfinalpilkadadki #temanahok #AniesSandi,,,,,,,,
245,Non_HS,"Cuman mau bilang sama yang serius banget ngetweet pakai hastag #IklanAhokJahat ""Gitu aja baper"".",,,,,,,,
246,Non_HS,Ira Koesno Didekati Anies-Sandi Lalu Marahi Pendukung Paslon Saat Debat Pilkada DKI,,,,,,,,
247,Non_HS,Alhamdulillah ya Allah SWT Semoga jakarta punya gubernur baru yg lebih bersahaja,,,,,,,,
248,Non_HS,Jelang larut semalam. Diskusi dengan aktifis Golkar tingkat kelurahan. Siap bergabung dalam pemenangan #AniesSandi,,,,,,,,
249,Non_HS,RT @alayyubichoir: Sosok Anies Sandi harus diakui sgt mengayomi. Sangat kompeten utk membangun kerukukan & kebhinekaan di Jakarta,,,,,,,,
250,Non_HS,RT @nielchen99: Ngomong manis memang gampang giliran kerja bingung #MataNajwaDebatJakarta,,,,,,,,
251,Non_HS,19 April adalah saat yang penting bagi warga Jakarta untuk menentukan masa depan Ibukota,,,,,,,,
252,Non_HS,RT @maharanisinta70: terimakasih Pak Anies pemaparantentang DP 0 ,,,,,,,,
253,Non_HS,Yang aku perhatikan,,,,,,,,
254,Non_HS,kalo pilih gubernur yg jujur,tegas,pinter,mlyani rakyat iklas & peduli pilih ahok djarot,"..""",,,,
255,Non_HS,RT @anies_sandi: Bisa merangkul dan menegakkan hukum. Kepemimpinan itu hadir dengan memberikan contoh & perbuatan - @aniesbaswedan,,,,,,,,
256,Non_HS,Hasil kerja Ahok Djarot sungai di Jakarta kembali normal,,,,,,,,
257,Non_HS,Ahok & Anies sama baiknya kok,,,,,,,,
258,Non_HS,Semoga pak basuki bisa jadi presiden,,,,,,,,
259,Non_HS,Allah SWT tdk butuh anda. Tapi Anda yang butuh Allah,,,,,,,,
260,Non_HS,#SidangAhok dilanjutkan dengan rekaman yang memuat kampanye Ahok di DPP Nasdem dan juga Pulau Seribu. | @adrieedu https://t.co/8P5P4DUcFG,,,,,,,,
261,Non_HS,RT @JanurOmank2626: Ahok harus bebas demi hukum demi keadilan demi kelanjutan perbaikan DKI. Semoga hakim mmpunyai sense of justice,,,,,,,,
262,Non_HS,Pembangkit Listrik Tenaga Panas Bumi Terbesar Dunia.. #CitiPeka #SidangAhok #Tebak2anHajiDjarot https://t.co/KtXdXZsh8H,,,,,,,,
263,Non_HS,RT @findririn: Dan toleransi itu,,,,,,,,
264,Non_HS,RT @findririn: Walaupun artinya teman setia,,,,,,,,
265,Non_HS,Semua kejujuran akan mendapatkan pahala dr surga #FreeAhok,,,,,,,,
266,Non_HS,Seharusnya mah basuki sudah bebas ya kan? #FreeAhok https://t.co/Mw3k0vYweF,,,,,,,,
267,Non_HS,RT @RuridaJihandari: Itu sidang apa drama korea sampe 20kali,,,,,,,,
268,Non_HS,Menurut Anda,,,,,,,,
269,Non_HS,Nelayan Jakarta Sudah Disiapin Pulau Khusus oleh Pemda DKI #LunchBreak #SidangAhok,,,,,,,,
270,Non_HS,Adakah Potensi Radikalisme di Pilgub DKI Jakarta? #LunchBreak #SidangAhok,,,,,,,,
271,Non_HS,RT @NovenStjK: Siaran ulang #AhokDjarotDiRosi malam ini,,,,,,,,
272,Non_HS,"cuma org"" yg salah saja yg takut dgn doa itu"," warga DKI terlanjur kehilangan pemimpin terbaik. #FreeAhok""",,,,,,,
273,Non_HS,Alhamdulillah tuntutan jaksa hanya 1 tahun masa percobaan 2 tahun yg artinya sbnrnya jaksa mengakui kalo Ahok itu tak bersalah #FreeAhok,,,,,,,,
274,Non_HS,Kalah atau menang #tetapahok. Terimakasih krn banyak ngasih pelajaran bagaimana kerja keras utk rakyat dgn bersih.,,,,,,,,
275,Non_HS,Pilkada Serentak,,,,,,,,
276,Non_HS,#thw911 Saat Anies-Sandiaga Minta Doa Ustaz untuk Debat Pilkada https:\/\/t.co\/2odlrYteU1,,,,,,,,
277,Non_HS,Jangan pernah lelah mengabdi untuk Indonesia Pak @basuki_btp. #TetapAhok!,,,,,,,,
278,Non_HS,@LaitsSaja Jika Menang,,,,,,,,
279,Non_HS,@LaitsSaja TNI-Polri Bersinergi Jaga Keamanan Jelang Pilkada DKI TNI dan Polri terus bersin https:\/\/t.co\/HP77I9lffG,,,,,,,,
280,Non_HS,@novie_wednes72r Bismillah Inshaa ALLAH Agus Sylvi menang Pilkada DKI 1putaran dan jadi pemimpin yg amanah dan mencintai rakyat jakarta.,,,,,,,,
281,Non_HS,Trima kasih pak uda bikin jakarta lebih baik selama bapak menjabat....,,,,,,,,
282,Non_HS,@nu_online sikap yang jelas dan tegas demi ketertiban dan keamanan ibu kota negara menjelang pilkada dki jakarta,,,,,,,,
283,Non_HS,Rencana Tuhan lebih baik dari rencana manusia. Mungkin Ahok bs bekerja kebih baik di posisi lain,,,,,,,,
284,Non_HS,walau kalah tp aku tetap merasa terhormat mendukung BADJA #TerimakasihAhok,,,,,,,,
285,Non_HS,Basuki TP Ahok Wawancara informal dengan wartawan Balaikota: https:\/\/t.co\/g7iB5H5RUL,,,,,,,,
286,Non_HS,Terimakasih Pak Ahok @basuki_btp #tetapahok karena kita memang siap kalah,,,,,,,,
287,Non_HS,LUCU !! Yuk Melihat AHOK Promosikan Musik Dangdut Kepada Tamu Mancanegara,,,,,,,,
288,Non_HS,Minggu Tenang Pilkada,,,,,,,,
289,Non_HS,MANTAB !! AHOK dan Pemprov DKI Jakarta Terjunkan Alat Berat Untuk Keruk Sampah di Waduk Pluit,,,,,,,,
290,Non_HS,Pagi Ini Polrestro Bekasi Gelar Pasukan Pilkada https:\/\/t.co\/ypRv5nNjSb,,,,,,,,
291,Non_HS,Pak @basuki_btp saya hanya bantu menyampaikan. Sbg orang2 di sekitar Pak Ahok bisa menyampaikan ke beliau. @kurawa. #BlusukanAhok #Gue2,,,,,,,,
292,Non_HS,pak ahok kalau anda jadi gubernur jangan lupa anda harus bangun provinsi Jambi buat lahan petani semua," lampung""",,,,,,,
293,Non_HS,Partai Nasdem Optimis Menang di Pilkada Serentak 2017 https:\/\/t.co\/EOAzcxai94,,,,,,,,
294,Non_HS,biar kalah,,,,,,,,
295,Non_HS,Sabar n iklas ya pak. Apa pun hasil nya. Kita tetap dukung. Di mna pun/jabatn apa pun yg bpk emban nanti. #TetapAhok,,,,,,,,
296,Non_HS,Wlaupun kita tak kenal,,,,,,,,
297,Non_HS,RT @ahokdijegal: Kita mgk bs mendukung dia dlm hal kejujuran dan niat baik utk melayani warga,,,,,,,,
298,Non_HS,Puluhan Personel Brimob Nunukan Diberangkatkan,,,,,,,,
299,Non_HS,@basuki_btp sing sabar pak.. Simpen energi bapak untuk bagian lain Indonesia... Gusti Allah mboten sare pak...,,,,,,,,
300,Non_HS,Karena saya memilih dengan sehat maka saya kompensasikan dengan sarapan pagi yang,,,,,,,,
301,Non_HS,RT @Aktualco: Mahfud MD Heran,,,,,,,,
302,Non_HS,RT @AlissaWahid: Tuips,,,,,,,,
303,Non_HS,RT @AmaliaAmelCute2: Lebih tambah jatuh hati deh jadinya Tak bisa berpaling ke pilihan yg lain Tetap ke pak ahok -Djarotlah yg terbaik,,,,,,,,
304,Non_HS,RT @AnakBaranusa: Yoi... Yang Jelas Pemenagnya itu hanya satu pasang calon,,,,,,,,
305,Non_HS,RT @AT_AbdillahToha: Aksi 112 tampaknya akan diubah jadi zikir pilkada. Sejauh yg saya tahu,,,,,,,,
306,Non_HS,RT @blogdokter: Janganlah karena pilkada dan kepentingan politik sesaat,,,,,,,,
307,Non_HS,RT @Brani2000: Pilkada di Beltim di kampung sendiri ahok hanya 33% suara. Di Babel kalah telak. Pilkada di DKI? paling cuma 3% suara,,,,,,,,
308,Non_HS,RT @digembok: Ya allah... Beneran... Pak ahok akhirnya samperin si emak...,,,,,,,,
309,Non_HS,Terimakasih Pak @basukibtp untuk 5 tahunnya,,,,,,,,
310,Non_HS,RT @eliya_mkom: kesimpulannya tuips," cuma habiskan waktu""",,,,,,,
311,Non_HS,Dan selamat atas kemenangannya untuk bapak Anies & Sandi. Semoga Jakarta bisa bersatu lagi,,,,,,,,
312,Non_HS,Bangga masih memiliki putra bangsa seperti pak Basuki dan pak Jarot.,,,,,,,,
313,Non_HS,Temen-temen,,,,,,,,
314,Non_HS,Selamat atas status barunya pak #Aniessandi,,,,,,,,
315,Non_HS,Pak ahok @basukibtp tetep semangat yaaa,,,,,,,,
316,Non_HS,Terima kasih pak ahok pak djarot kami bangga perna di pimpin sama bapak berdua...tetap semangat...sukses terus pak,,,,,,,,
317,Non_HS,Terima kasih Pak Ahok-Djarot telah bersama kami beberapa tahun ini,,,,,,,,
318,Non_HS,RT @FerpuAdvocates: Sumarsono: Gaya Pak Ahok yg Kerja Keras Patut Dicontoh dan itu Bagus!!!,,,,,,,,
319,Non_HS,RT @Franstone888: Klo semua mau jujur dan pake hati nurani,,,,,,,,
320,Non_HS,Pak Ahok the best aku salut sama pak orang nya sabar dengan cobaan dari tuhan Pak Ahok is the best,,,,,,,,
321,Non_HS,RT @hariadhi: Makasih Pak Ahok,,,,,,,,
322,Non_HS,RT @IpungLombok: Hadeuuuh.. Kenapa jadi gaduh gini Pilkada DKI ya... Padahal Pilkada serentak 2015 lalu aman aman saja?,,,,,,,,
323,Non_HS,RT @MbakNevi: Masyarakat Transportasi Jakarta dukung Ahok-Djarot,,,,,,,,
324,Non_HS,Saya sudah tidak tertarik melihat Debat Pilkada DKI,,,,,,,,
325,Non_HS,Semangat terus. Maju terus di dalam TUHAN. God Bless you more and forever bpk ahok dan family,,,,,,,,
326,Non_HS,Selamat bertugas pak Anis,,,,,,,,
327,Non_HS,@aniesbaswedan @sandiuno selamat ya pak,,,,,,,,
328,Non_HS,Saya selalu mendoakan yg terbaik untk bapak dan bapak juga mendapatkan banyak ucapan dari saudara di gaza palestina,,,,,,,,
329,Non_HS,Selamat untk bpk @aniesbaswedan & @sandiagauno atas kemenangannya. Semoga allah memberkahi disetiap langkah yg bapak ambil aminnn salam3jari,,,,,,,,
330,Non_HS,RT @netmediatama: Mereka telah siap berikan yang terbaik di ajang debat terbuka!,,,,,,,,
331,Non_HS,Pak anies dan pak @sandiuno selamat ya sudah terpilih jd gubernur dan wagub Jakarta.,,,,,,,,
332,Non_HS,RT @PartaiSocmed: Kejahatan perbankan yg di spin oleh tim AHY untuk kepentingan pilkada,,,,,,,,
333,Non_HS,RT @swamediumcom: Agus-Sylvi Diprediksi Maju di Putaran Kedua Pilkada DKI versi Survey GRP,,,,,,,,
334,Non_HS,RT @temanAhok: Alhamdulillah sambutan antusias warga di tiap blusukan pak Ahok selalu real. Ngga ada settingan.,,,,,,,,
335,Non_HS,Sampai detik ini pak ahok masih harapan terbesar saya #prayforjakarta,,,,,,,,
336,Non_HS,Tuhan punya rencana yg indah buat Pak Ahok dan Pak Djarot,,,,,,,,
337,Non_HS,Selamat dan terima kasih banyak untuk pak Ahok dan pak Djarot yg sudah menunjukan bahwa negara ini masih punya orang2 baik,,,,,,,,
338,Non_HS,Terima kasih pak atas segala kebaikan untuk jakarta yang sudah kalian tancapkan di hati warga jakarta,,,,,,,,
339,Non_HS,Pasti bapak anies sandi kemungkinan besar menang,,,,,,,,
340,Non_HS,Terima kasih. Kepada pendukung kami,,,,,,,,
341,Non_HS,Gubernur dan wakil gubernur terbaik yang pernah jakarta miliki.,,,,,,,,
342,Non_HS,RT @triwul82: Jelang Akhir Masa Tugas,,,,,,,,
343,Non_HS,RT @Wolfcrime: Pendukung yang Telah Dibaiat tapi Tak Pilih Agus-Sylvi Akan Terima Risikonya,,,,,,,,
344,Non_HS,Mutiara tetap mutiara Pak Ahok Djarot. Tuhan pny rencana yg lebih dahsyat utk Bapak ber2 utk Indonesia. Maju terus.,,,,,,,,
345,Non_HS,Tuhan percayakan hal yang lebih Besar lagi kepada Pak Ahok selain hanya menjadi Gubernur Dki jakarta.,,,,,,,,
346,Non_HS,I LOVE YOU PAK AHOK.AKU HANYA BISA BERDOA SEMOGA TUHAN MEMBERKATI. SALAM 2 JARI UNTUK PA AHOK I LOVE YOU,,,,,,,,
347,Non_HS,Survei Terbaru: Anies-Sandi Melejit Jauh Tinggalkan Ahok-Djarot https:\/\/t.co\/2IHhuzPsbF,,,,,,,,
348,Non_HS,Aku akui pak ahok itu tangguh sekali dan apa adanya,,,,,,,,
349,Non_HS,saya selalu mendukung dan berdoa untukmu ahokdjarot terimakasih,,,,,,,,
350,Non_HS,Meski Badjˆ tak lagi menjadi pelayan rakyat...kami selalu berdoa terbaik buat Badja. Kami bangga pernah memiliki kalian.,,,,,,,,
351,Non_HS,Mudah2han pak ahok jadi nomor satu di Indonesia,,,,,,,,
352,Non_HS,TPS Paslon Pilkada DKI Akan Dijaga Ketat,,,,,,,,
353,Non_HS,saya bukan penduduk jakarta. tapi saya kagum pada sosok ahok dan jarot.allah memang punya rencana lain.selamat pada beliau,,,,,,,,
354,Non_HS,Pak anies tolong bongkar lagi masjid yg di bangun pak ahok di daan mogot,,,,,,,,
355,Non_HS,Yang blm pada move on mending bsk piknik aja mumpung long weekend hehehe,,,,,,,,
356,Non_HS,Semoga bapak bisa meneladani sosok bang yos gubernur jakarta yang sangat cinta @persijajkt,,,,,,,,
357,Non_HS,Pemimpin yg baik pemimpin yg mengerti akan jiwa pemuda,,,,,,,,
358,Non_HS,kami disini mendulungmu untuk jakarta yg maju bukan hanya ekonomi nya tapi juga prestasi sepakbola nya,,,,,,,,
359,Non_HS,Negara kita negara BHINEKA TUNGGAL IKA. jadi ga liat pemimpin dengan agama ,,,,,,,,
360,Non_HS,pak @aniesbaswedan kami disini mendulungmu untuk jakarta yg maju bukan hanya ekonomi nya tapi juga prestasi sepakbola nya,,,,,,,,
361,Non_HS,Gw yakin suatu saat pasti Pak @basuki_btp akan ada patungnya sebagai tanda jasa entah itu di indo atau di madame tussaud.,,,,,,,,
362,Non_HS,Doa itu sebaiknya yg baik2. Karena Tuhan juga baik. Klo doa jelek jahat,,,,,,,,
363,Non_HS,#badja Jakarta tidak butuh kalian lagi,,,,,,,,
364,Non_HS,Artikel saya untuk Mas @pandji. Dari reklamasi, OKE OCE," hingga """"figur pemersatu"""".""",,,,,,
365,Non_HS,#BesokGueAhok Karena Terbukti Dan Teruji Dari Segi Kerjanya,,,,,,,,
366,Non_HS,ga tinggal di Jakarta sih,,,,,,,,
367,Non_HS,Semangat Pilkada! Untukmu pilihanmu dan untukku pilihanku #tetapahok,,,,,,,,
368,Non_HS,Tapi perbedaan vital di reklamasi sama perumahan,,,,,,,,
369,Non_HS,Sabar dulu jgn tergesa2 nagih,,,,,,,,
370,Non_HS,Pak @aniesbaswedan knpa ngga mampir dulu ke tempat saya. Orangtua saya ngefans bgt,,,,,,,,
371,Non_HS,Semoga @persijajkt lebih maju dengan adanya gubernur era baru.,,,,,,,,
372,Non_HS,Tetap di masyarakat jakarta dan selalu membuat jakarta lebih baik.Dan hasilnya pun sudah terbukti,,,,,,,,
373,Non_HS,saya sebagai masyarakat jakarta salut terhadap kepemimpinan pak ahok.,,,,,,,,
374,Non_HS,Semua sayang ahok. Saya berharap ahok bisa jadi presiden selanjutnya bersama pak jokowi.,,,,,,,,
375,Non_HS,Bukan lagi milik jakarta lagi ahok tapi milik kita untuk membangun jakarta lebih baik,,,,,,,,
376,Non_HS,Pak Ahok,,,,,,,,
377,Non_HS,Kekalahan Ahok adalah kemunduran peradaban di Indonesia. Selamat datang radikalisme. Akal sehat sudah tidak ada dinegara ini.,,,,,,,,
378,Non_HS,Semangat pak ahok ,,,,,,,,
379,Non_HS,Terima Kasih pak sudah mengabdi dijakarta dengan segudang permintaan warga.,,,,,,,,
380,Non_HS,Mungkin ada kata kata yang menyakitkan ya pak,,,,,,,,
381,Non_HS,Walaupun bapak tidak menang. Tapi saya menikmati kerja keras bapak selama menjabat. Terima kasih untuk bapak ahok.,,,,,,,,
382,Non_HS,miris ya pak ahok...sukses slalu buat my idola pak ahok,,,,,,,,
383,Non_HS,Gue lebih suka Ahok bantuin Jokowi ngurusin Indonesia agar lebih cepet maju,,,,,,,,
384,Non_HS,"Pak kok saya pngn peluk bapak sambil bilang "" pak tetap semangat ya",,,,,,,,
385,Non_HS,aya bukan warga jakarta tp saya sering ke jakarta.....saya bangga jakarta pernah di pegang bapak. Jadi rapih pak sekarang.....,,,,,,,,
386,Non_HS,Maka seyogyanya pilihanku #TetapAhok karna terlihat pencerahan pd sistem birokrasi.,,,,,,,,
387,Non_HS,Pak ahok tetap menjadi gubenur dihatiku ....,,,,,,,,
388,Non_HS,Dari lahir di Jakarta sampe detik ini baru gue liat kali & pintu air Manggarai bersih dari sampah ya pas jaman Jokowi sampe Ahok. #TetapAhok,,,,,,,,
389,Non_HS,Gpp kalah. mungkin belom rejekinya ya pak. Bagi kami bapak tetap pemimpin yang jujur. Tetap berkarya nyata,,,,,,,,
390,Non_HS,Selama 20 tahun tinggal di Jakarta,,,,,,,,
391,Non_HS,Aku cinta Pak Ahok. Terimakasih ya Pak atas jasa-jasa dan kerja nyatanya selama 5 tahun terakhir.,,,,,,,,
392,Non_HS,Tetap semangat pak ahok.... terimakasih atas semua yg anda berikan untuk jakarta. sukses selalu buat pak ahok.,,,,,,,,
393,Non_HS,Pak ahok kita tetap mendukung apapun yang terjadi,,,,,,,,
394,Non_HS,Terima kasih banyak buat kinerja keras dari Pak Ahok dan team selama memimpin DKI Jakarta. Tetap semangat selalu Pak. God Bless Bapak & Family.,,,,,,,,
395,Non_HS,Bapak ahok sosok yang saya banggakan,,,,,,,,
396,Non_HS,semoga pak ahok selalu dlm lindungan tuhan,,,,,,,,
397,Non_HS,Terima kasih pak Basuki. Sampai kapan pun sejarah akan mencatat bapak membawa perubahan bagi kami warga jakarta,,,,,,,,
398,Non_HS,Lanjutkan perjuangan Pak,,,,,,,,
399,Non_HS,Kau lah yang terhebat.. Karna kau lah kami mendapat inspirasi dan pengalaman yang sangat berharga.,,,,,,,,
400,Non_HS,Buat Pak Ahok tetap berkarya pak. Masih ada kesempatan lebih baik di 2019,,,,,,,,
401,Non_HS,Pak saya setuju kalo pak jadi gubenur karena kerja pak sangat bagus kerena kerja pak basuki tegas keluarga kami mendukung pak basuki,,,,,,,,
402,Non_HS,Bapak tetap yg terbaik untuk jakarta..terima kasih pak untuk semua yg bapak kerjakan selama ini semoga Allah selalu meridhoi bapak dalam setiap langkah bapak..,,,,,,,,
403,Non_HS,jabatan bukan hal penting yg terpenting bapak tetap orang terhebat di jakarta tentang kerja keras Pak Ahok..sekali lagi terima kasih Pak Ahok,,,,,,,,
404,Non_HS,Pak Ahok....walau saya bukan warga DKI....saya sangat sedih bapak tidak terpilih lg jd Gubenur DKI.....,,,,,,,,
405,Non_HS,Hanya bpk lah gubernur satu satunya yg bisa membawa perubahan di Jakarta...semangat pak...,,,,,,,,
406,Non_HS,Pak ahok,,,,,,,,
407,Non_HS,tapi kalah menang itu biasa. kekuasaan ada di tangan tuhan,,,,,,,,
408,Non_HS,Terimakasih banyak pak ahok dan djarot untuk kerja tulus dan kerasnya untuk Jakarta..,,,,,,,,
409,Non_HS,Media Asing Menyorot Hasil Pilkada Jakarta,,,,,,,,
410,Non_HS,Ahok Banyak Belajar di Pilkada DKI,,,,,,,,
411,Non_HS,Ini Pelajaran yang Dipetik Ahok dari Pilkada DKI,,,,,,,,
412,Non_HS,Ahok: Lupakan Semua Masalah Kampanye dan Pilkada,,,,,,,,
413,Non_HS,Presiden Percaya Pilkada DKI Hasilkan Pemimpin Terbaik,,,,,,,,
414,Non_HS,Kapolri Pastikan Pilkada DKI Berjalan Lancar dan Sejuk,,,,,,,,
415,Non_HS,Pengamat: Pilkada DKI Panas Karena Parpol Sulit Disiplinkan Massa,,,,,,,,
416,Non_HS,Parpol Pendukung Ahok-Djarot Komitmen Jaga Pilkada Damai,,,,,,,,
417,Non_HS,Amankan Pilkada DKI,,,,,,,,
418,Non_HS,Tiga Instansi Keluarkan Maklumat Larangan Mobilisasi Massa di Pilkada DKI,,,,,,,,
419,Non_HS,TERNYATA BAJU YANG DIPAKAI AHOK DI DEBAT PILKADA YG SAYA TONTON MELALUI METRO TV SAMA DENGAN YANG DI TV ONE. BARUSAN SAYA CEK,,,,,,,,
420,Non_HS,Sebagai warga negara yang baik,,,,,,,,
421,Non_HS,Debat Terakhir Menentukan Elektabilitas di Pilkada DKI Putaran Kedua,,,,,,,,
422,Non_HS,Terima kasih bapak ahok dengan jasa2 bapak selalu membangun jakarta lebih baik lagi,,,,,,,,
423,Non_HS,Salut banget sm pak ahok.. benar2 berjiwa kesatria.. langsung mengucapkan selamat ke pasangan anis dan sandi..,,,,,,,,
424,Non_HS,keluarga sudah ke menggunakan hak pilihnya pagi ini. Jangan lupa bagi warga Jakarta untuk datang ke TPS sebelum jam 1 siang!,,,,,,,,
425,Non_HS,Terima kasih telah membuat Jakarta menjadi lebih baik pak... Tetap semangat!,,,,,,,,
426,Non_HS,Pada akhirnya," akan dibangkitkan!""",,,,,,,
427,Non_HS,Meski dijatuhkan berkali2,,,,,,,,
428,Non_HS,Rencana Bapak yang di surga itu lebih indah yangg kita inginkan bapak ahok tetap semangat ya pak,,,,,,,,
429,Non_HS,Pak Basuki dan Pak Djarot tetap kuat didalam iman dan pengharapan...,,,,,,,,
430,Non_HS,Yakin bahwa ini bukan jalan yang terbaik untuk anda dari hanya sekedar Gubernur dan Wakil gubernur DKI..,,,,,,,,
431,Non_HS,Masyarakat Indonesia khusus DKI melihat pemimpin itu bukan dilihat hasil kerjanya,,,,,,,,
432,Non_HS,Kami sebagai rakyat indonesia yang bukan berasal dari DKI turut mendoakan semoga pak Basuki dan pak Djarot tidak pernah lelah melayani kami dan tetap terus semangat,,,,,,,,
433,Non_HS,jangan padam untuk kemanusiaan ya pak,,,,,,,,
434,Non_HS,Saya doakan pak ahok dan tamengnya tidak kejang2,,,,,,,,
435,Non_HS,Tetap semangat pak. Ahok.. Aku selalu dukung pak ahok djarot.,,,,,,,,
436,Non_HS,Pemenang Debat Pilkada DKI malam ini adalah...... IRA KOESNO!!!,,,,,,,,
437,Non_HS,Selamat buat pasangan no 3,,,,,,,,
438,Non_HS,Semangat pak ahok walaupun saya warga bandung tapi saya yakin pak ahok yg jadi juara...,,,,,,,,
439,Non_HS,yg jelas," dan jujur tetap pak ahok.""",,,,,,,
440,Non_HS,Maaf pak saya tidak bisa ikutan nyoblos," saya hanya bisa berdoa""",,,,,,,
441,Non_HS,semoga ahokdjarot bisa terus melanjutkan visi misi nya untuk membangun kota Jakarta,,,,,,,,
442,Non_HS,Dalam nama Tuhan Untuk jakarta yg lebih baik,,,,,,,,
443,Non_HS,semagat buat pak Anies semoga selalu dalam rahmat tuhan YME,,,,,,,,
444,Non_HS,semua warga DKI gunakan hak pilihmu....jangan takut kita smua warga yg punya hak dan sehat lahir batin,,,,,,,,
445,Non_HS,semoga Tuhan memberikan seluruh masyarakat DKI jakarta keadilan sesuai pemimpin yg benar2 demi rakyat Amin.,,,,,,,,
446,Non_HS,Eks Pendukung Agus-Sylvi di Jakarta Timur Deklarasikan Dukungan Untuk Ahok-Djarot,,,,,,,,
447,HS,Ini pasti salah Jokowi,,,,,,,,
448,HS,@fahmiabuazzam1 biar aja biar tai nya kena bapak lo itu ya. Loh tuh kan gak suka sm ahok jadi biar loh sm bpk loh sm ibu loh kena tai nya.,,,,,,,,
449,HS,RT @BungWinar: Angin memporakporandakan basis pemenangan Si Penista Agama...Cililitan.\nYa Alloh Ampuni Kami\n#JakartaBanjir,,,,,,,,
450,HS,RT @Lupuz0503: Prestasi Ahok,,,,,,,,
451,HS,Ulama Kompak Nyatakan #HaramPemimpinKafir Pilih Ahok = Murtad!,,,,,,,,
452,HS,KAU PENDIKAN TINGGI TAPI BODOH....GK ADA LARANG BAWA AGAMA..BIAR ORANG ISLAM YG DI BAYAR AHOK SADAR GK JADI MILIH AHOK GLA,,,,,,,,
453,HS,@indopoints di tanah abang cina udah mulai resah dan stres gara2 si penista agama dan pilkada pasar jd sepi. Sepi sampai 2 minggu lg ha. ha,,,,,,,,
454,HS,@investigator_RI betul dan semua pihak yg menentang si cina kafir ahok akan di kriminalisasi oleh polisi dgn smua rekayasa hukum nya,,,,,,,,
455,HS,@YohanesTarigan9 saya ga habis pikir kenapa fanboy ahok bego bego ya pada ga ngerti sejarah. Gampang kejebak iklan. Maaf ya.,,,,,,,,
456,HS,@Zufrianto3 lebih baik pilih ahok drpd pilih yg se iman tp koruptor dn munafik !! Bodoh kau,,,,,,,,
457,HS,Ahok si penghina Al - Qur'an dan Ulama ini selalu bersikap menjijikkan yaitu sok suci dan merasa paling benar https:\/\/t.co\/bTkCeTNk0g,,,,,,,,
458,HS,Ayo umat Islam yg pinter,,,,,,,,
459,HS,#DebatFinalPilkadaJKT mampuuuusssssss mpoK Silvy!!!!,,,,,,,,
460,HS,Hidup china komunis ! https:\/\/t.co\/b1RheVKrXl,,,,,,,,
461,HS,Ini tuh kesalahan Jokowi dan Ahok si babi ateis. https:\/\/t.co\/v2GRcUeStI,,,,,,,,
462,HS,Kalo ahok menang pilkada bikin video sex bareng anaknya dong tan.? https:\/\/t.co\/7msmThwwLK,,,,,,,,
463,HS,Keluarga Besar Kami Yang Berdomisili di Jakarta TIDAK PILIH AHOK!! https:\/\/t.co\/GZKZFTpvCw Suara Ulama Bulat! #HaramPilihAhok #JanganGolput,,,,,,,,
464,HS,ketutunan cina dari luar kota dan pulau mulai kejakarta mau coblos ahok dengan KTP aspal dari kamboja,,,,,,,,
465,HS,RT @indopoints: china babi... china maling...\n#UsirChina https:\/\/t.co\/9y4HIWHJp2,,,,,,,,
466,HS,RT @mosangada72: Masih mau memilih Agus-Sylvi???\nAnaknya SBY dan Keluarga Koruptor\n#BlusukanAhok\n#BerjamaahCoblosPecinya\u2026,,,,,,,,
467,HS,tangkap ahok dan klompok nya yg melakukan pemalsuan e KTP karna merupakan penghiyanat bagi bangsa dan negara,,,,,,,,
468,HS,Tangkap Ahok Sekarang Juga,,,,,,,,
469,HS,Sayang sekali Bangsa ini Paling jago kalau merasa-rasa. Yg mendukung Pak Ahok merasa paling benar,,,,,,,,
470,HS,Video Ahok Menghina Agama Kristen Agama Konyol #AhokPecahBelahBangsa,,,,,,,,
471,HS,Bukan Hanya Penista Agama,,,,,,,,
472,HS,Mbak Sylviana please Anda sehat? #DebatFinalPilkadaJKT #perjuanganbelumselesai,,,,,,,,
473,HS,Nomor 1 sok tau lagi lansung di skak wkwkwk #DebatFinalPilkadaJKT,,,,,,,,
474,HS,RT @Gemacan70: Ayoo jaga keutuhan NKRI!!! Tangkap Penista Agama!!! #StopKriminalisasiUlama https:\/\/t.co\/dxIDQ4ZQHV,,,,,,,,
475,HS,@Lupuz0503: Terlihat salah satu pendukung mafia koruptor dan penista agama,,,,,,,,
476,HS,tobat yuk sebelum terlambat. biar gerombolan JIL aja yg kita doakan konsisten bela kekafiran hingga akhir hayat https:\/\/t.co\/979uJ6ItrM,,,,,,,,
477,HS,RT @UstadTengku: Ya Allah Jika Mereka Menempuh Cara2 Curang utk Memenangkan Si Penista Agama,,,,,,,,
478,HS,;Kebanyakan fitnah nih mpok silvy #DebatFinalPilkadaJKT #Gue2,,,,,,,,
479,HS,FPI: Pendukung Ahok kalah jumlah,,,,,,,,
480,HS,#JakartaBanjir Pemimpinnya gak punya akhlak yg baik... PENISTA AGAMA. https:\/\/t.co\/PNEGDJMPCH,,,,,,,,
481,HS,RT @felixsiauw: tapi twit begini asik lo,,,,,,,,
482,HS,@DivHumasHansip: ahoker siap bela penista agama https:\/\/t.co\/HxuU4rUDFX\,,,,,,,,
483,HS,RT @alwinazar24: sepertinya CUCUnya DAJJAL telah hadir,,,,,,,,
484,HS,Mereka Siang MALAM Maki2 Ulama Kita,,,,,,,,
485,HS,RT @Jhonkosmik: Ada apa dengan mayoritas etnis China di DKI?\nMengapa begitu solid mendukung penista agama Islam?\n\nDendam?\nTidak nasionalis?,,,,,,,,
486,HS,Mukanya mpo Silvy Asem bangett ngakak kena deh abis jahat sih #DebatFinalPilkadaJKT,,,,,,,,
487,HS,RT @GodinJ760478: @tempodotco gara2 belain terdakwa penista agama jadi remek semua. Sukurin,,,,,,,,
488,HS,RT @Chaeruddin_B: Sekumpulan Teman Penista Agama\nTdk ada empati buat korban banjir,,,,,,,,
489,HS,RT @TerorisSocmed: PENJARAKAN PENISTA AGAMA !!! ATAU @jokowi TURUN !!! https:\/\/t.co\/vqH0TNXaRz,,,,,,,,
490,HS,Si penista agama,,,,,,,,
491,HS,Ahok : program paslon no. 1 ini programnya ngambang | yaiyalah pakkk gak ada program diaa cma ada celaan #DebatFinalPilkadaJKT,,,,,,,,
492,HS,Akui saja Ahok dan Djarot kalian gagal atasi banjir.Orang kena banjir anda sibuk sidang kasus penista agama,,,,,,,,
493,HS,RT @87_julay: Iyaa... Ahog Ngak pantes jadi pemimpin.. Pantesnya penista agama dipenjarakan!!! https:\/\/t.co\/YhhO40QWXS,,,,,,,,
494,HS,RT @wongawas: Overdosis @Metro_TV membela penista agama. https:\/\/t.co\/i84RARpy5w,,,,,,,,
495,HS,Kaga masuk diakal kite kalo suara seorang penista agama yg dah dikutuk ame umat islam suara nye bisa tinggi,,,,,,,,
496,HS,RT @andreobz: Pantasan di pecat dr menteri...data2 aj ngawur dan memkasakan betul..hahaha #AhokPastiTumbang #paslon3 #pilgubdki,,,,,,,,
497,HS,RT @BangsaPenguasa: Penjarakan ahoax penista agama atau jokowi turun.#KonsolidasiDewanPKB https:\/\/t.co\/XoW5eakIsk,,,,,,,,
498,HS,Napa dibiarin tim si penista agama maen curang maren,,,,,,,,
499,HS,Hahahahhahaa silvy ohh silvy cacingan amat loe ahhh wkwkwkwkwkk #DebatFinalPilkadaJKT,,,,,,,,
500,HS,"RT @Rakyat_Angin: Ahok Taik. \""MENFITNAH\"". Emang lu tukang caci maki perempuannn!! Asuuu #AhokPastiTumbang #DebatFinalPilkadaJKT",,,,,,,,
501,HS,RT @HasanArisandi: #AhokPastiTumbang fakta di bilang fitnah\n#DebatFinalPilkadaJKT,,,,,,,,
502,HS,Shame on you silvy !! Ga malu fitnah?? Tuh rasain pak ahok panas,,,,,,,,
503,HS,Bu silvi anti pns level rendah katanya #DebatFinalPilkadaJKT,,,,,,,,
504,HS,RT @AnnisaFYtr: Hanya Orang Islam Yang Bodoh dan Goblok Yang Memilik Ahok! #DebatFinalPilkadaJKT,,,,,,,,
505,HS,@DivHumasHansip: fitnah FPI pecah adalah ulah ahoker yg melihat elektabilitas ahok tinggal 10%,,,,,,,,
506,HS,Norak banget iklan mantan mendikbud @aniesbaswedan ini. Tambah gak respech.. inilah tenun kebangsaan yg dia maksud.\u2026 https:\/\/t.co\/Ux7HEYkBLG,,,,,,,,
507,HS,RT @DivHumasHansip: yg nebar kebencian itu ahok mbak,,,,,,,,
508,HS,pertanyaan dari Bu Sylvi gak mutu amat. #DebatFinalPilkadaJKT,,,,,,,,
509,HS,Huuu sylvi tak tahu apa-apa asal ngoceh #NobarAhokDjarot #DebatFinalPilkadaJKT,,,,,,,,
510,HS,Sylvi keliatan bloonnya #DebatFinalPilkadaJKT,,,,,,,,
511,HS,RT @WanitaRevolusi: Ahoax penista agama kembali mengolok olok surat AL-MAIDAH 51. Cc @Dahnilanzar,,,,,,,,
512,HS,#JakartaBanjir Pemimpinnya gak punya akhlak yg baik... PENISTA AGAMA.,,,,,,,,
513,HS,#DebatFinalPilkadaJKT mati kau hok,,,,,,,,
514,HS,Yg ga punya program bisanya cuma fitnah. Ciri Orang yg demen ngambil kjp kontan #DebatFinalPilkadaJKT,,,,,,,,
515,HS,Mpok silvi nyinyir melulu pertanyaan nya tapi sayang sesat! Maklum sih dese emakemak! #DebatFinalDKI #DebatFinalPilkadaJKT,,,,,,,,
516,HS,RT @bajigurceleng: @jpnncom hahaha jelas2 buat pilkada dasar polisi made in cina pelindung penista agama,,,,,,,,
517,HS,Kurangnya pemberdayaan wanita DKI Jakarta bisa dilihat dari telaknya perbedaan warna muka dan warna tangan mpok sylvi #DebatFinalPilkadaJKT,,,,,,,,
518,HS,Agus silvy Tukang Fitnah #DebatFinalPilkadaJKT,,,,,,,,
519,HS,#DebatFinalPilkadaJKT yaudah gus sini kalo ga sakit secara fisik daripada verbal gw gebukin lo rame2,,,,,,,,
520,HS,Keluarga kita gak ada yg maling coyy gak perlu trauma kaleeeee emang kluarga ente?,,,,,,,,
521,HS,JG KAITKAN JOKOWI DENGAN AHOK KATA JOHAN BUDI. KATA KAMI. SEBAB JOKOWI ANJING. SEDANGKAN AHOK BABI. YA JELAS BERBEDA. WALAUPUN OTAKNYA SAMA,,,,,,,,
522,HS,Bajingan lu silvy #DebatFinalPilkadaJKT,,,,,,,,
523,HS,Hasil Akhir,,,,,,,,
524,HS,RT @SiBonekaKayu: Selepas banjir Jakarta 212 Pendukung Ahok mengganti narasi doa. Semua demi keuntungan Sang Penista Agama,,,,,,,,
525,HS,Tionghoa katanya kaya? Kok pada putus sekolah? Kebanyakan dugem?,,,,,,,,
526,HS,Gusur Ahok demi Indonesia. Teladan buruk pembangkangan hukum dan anti kemanusiaan di Jakarta jgn tertular ke daerah. #CoblosPecinya,,,,,,,,
527,HS,BUAT AHOKER YANG TAKUT MATINYA GG DISHOLATIN ,,,,,,,,
528,HS,Mampuuss ! Di tembak dalem banget silvyy .. lo urusin tuh dapurr ! Gak punya program demennya nyerang terus !!! #gue2 #DebatFinalPilkadaJKT,,,,,,,,
529,HS,Anjir baru kali ini lihat orang bego mau debat pilkada. Kerjanya nyerang karakter. Shame on you mpok silvy and agus. #DebatFinalPilkadaJKT,,,,,,,,
530,HS,Uang Taipan tuh. Nanti dibayar dengan ratusan penggusuran biadab oleh Ahok.,,,,,,,,
531,HS,CINA ASU https:\/\/t.co\/zM1BsjAIHA,,,,,,,,
532,HS,Ketika ngomong,,,,,,,,
533,HS,Jangankan Banjir,,,,,,,,
534,HS,ADA PEMIMPIM PRIBUMI knp pilih PEMIMPIN IMPOR yg g BERADAB tukang BERBOHONG yuk PRIBUMIKAN DKI milik BANGSA IND @Gemacan70 @TerorisSocmed,,,,,,,,
535,HS,Karna dia ga punya program hanya modal bacot doang,,,,,,,,
536,HS,Pendukung berarti dia bagian dr penista agama tersebut!!! Dukung gerakan ini 100%,,,,,,,,
537,HS,Narkoba yg paling berbahaya adalah ILUSI KESUCIAN AHOK SANG PENISTA.,,,,,,,,
538,HS,@tribunnews emang ahok siapa?? Orang penting?? Dia hanya penista agama!!,,,,,,,,
539,HS,cina mah duitnya dari hasil maling di Indonesia di balikin lgi berkedok invest plus bawa gembel2 & napi dari Cina negeri nenek moyang ahok,,,,,,,,
540,HS,Tangkap Ahok @basuki_btp skrng juga,,,,,,,,
541,HS,keliatan banget bego nya mpok silvy and agus. #DebatFinalPilkadaJKT,,,,,,,,
542,HS,Yg Ahokers,,,,,,,,
543,HS,AGAMA DI NISTAKAN! ULAMA DI LECEHKAN!! Ini Alasannya #HaramPemimpinKafir,,,,,,,,
544,HS,RT @FredyBastian3: Cara serang Ahok : Kafir galak,,,,,,,,
545,HS,@umnia77 @ruhutsitompul @sahal_as anjing2 ahok.kaum babi lo bnyk bacot.mnding duel sma gw.,,,,,,,,
546,HS,Ahok memang verbalnya keras. Pelampiasan dan pelarian karena kelelakiannya lunak.,,,,,,,,
547,HS,yg maling itu kan china2 babi BLBI ,,,,,,,,
548,HS,Mimpi djan farid jakarta lebih islami dari aceh jika ahok terpilih itu ibarat babi merindukan halal,,,,,,,,
549,HS,@KompasTV @ridwankamil ridwal kamil memang hebat dan top nggak kaya ahok tukang penista agama dan koruptor,,,,,,,,
550,HS,@TPK_RI ITULAH si ahok kutil babi,,,,,,,,
551,HS,Dasar si Kutil babi ahok memang Tukang Bohong. selain Bohong ahok jg biasa Menyalahkan yg lain menutupi Kegagalan nya . contoh soal banjir,,,,,,,,
552,HS,@PonkEcha @Fahrihamzah Si Terdakwa Penista Agama Alias Si Ahok Babi Jamban tuh yang Morfotin Uang Rakyat Jakarta,,,,,,,,
553,HS,Om...Ahoknya...Mana Om,,,,,,,,
554,HS,kenapa anak babi jalan nya nunduk???karena malu liat ulah bapak nya yang ngebelain ahok..,,,,,,,,
555,HS,Perilaku Si BABI @jokoanwar ini memang benci dgn hal berbau Islam. Cocok dgn Ahok. @SiBonekaKayu,,,,,,,,
556,HS,@budimandjatmiko ahok si kutil babi kembali ke rumah lembang kenapa jakarta jadi banjir bud?,,,,,,,,
557,HS,#jujur orang cerdas dan pintar pilih orang imam dan mampu memimpin ..bisa sholat...bisa ngaji..santun,,,,,,,,
558,HS,Teman Ahok emank TAI. apalagi pemimpinnya kek BABI! @temanahok,,,,,,,,
559,HS,Mana para babi ahok yg ngejek onta,,,,,,,,
560,HS,@gotcancer2 bukannya stigma babi itu milik tuhan elu si ahok kafir,,,,,,,,
561,HS,Kampungan ya pendukung AHY https:\/\/t.co\/GmezpOYLsY,,,,,,,,
562,HS,@Ananda_harahaP udah lu jgn panik gitu. ahok si kutil babi bakal tumbang kok di putaran kedua. teruskan cuapcuap mu di sosmed,,,,,,,,
563,HS,ahok tidak layak seperti manusia,,,,,,,,
564,HS,@haloJakarta Ahok (BTP) Basuki Tai Babi,,,,,,,,
565,HS,RT @diyahaudya: @yusuf_dumdum Yg ada,,,,,,,,
566,HS,@adichandramang2 @CummaRachel @korban_gusur iya ,,,,,,,,
567,HS,@adichandramang2\nAda aseng KOPLO pembela si PENISTA AGAMA yg durjana nyuruh org lain ngaji!,,,,,,,,
568,HS,@bayprio Itulah kebodohan para penista agama,,,,,,,,
569,HS,@iwanfals pilih Anis sandi doong..jgn pilih si penista agama pemecah NKRI,,,,,,,,
570,HS,@posmetroinfo Emang terdakwa penista agama,,,,,,,,
571,HS,@RamadanMalka Pamor RK jadi seakan tak ada artinya jika parpol pengusungnya pendukung penista agama...,,,,,,,,
572,HS,@RestySeterah si ahok pantasnya dinobatkan sbgai Babi ngepret,,,,,,,,
573,HS,@roninpribumi @dewanpers yg salah itu mereka menulis TERDAKWA PENISTA AGAMA,,,,,,,,
574,HS,Faktanya Cina2 parasit tuh ngotot belain si penista Agama @PradanaBhakti @IrianaPasirua @PutraSumedang18 @khoirulilham12 @ronavioleta,,,,,,,,
575,HS,jokowi ratu adil apaan..??? dia ga ada keturunan darah biruadanya DARAH KOTOR cina babi..!!! https://t.co/JtwFRRdLF4,,,,,,,,
576,HS,RT @RestySeterah: Keren nih apps kawal TPS .. Yuk gabung buat pastikan cagub terdakwa penista Agama lebih cepat diantar kehabitatnya,,,,,,,,
577,HS,Kalau lo gak tau apa-apa ya jangan berkoar sembarangan dong,,,,,,,,
578,HS,@AHMADDHANIPRAST ahmad dhani yang terhormat paling babi paling anjing aing kontol paling lonte tungu saat nya karier mu akan habis!!!!,,,,,,,,
579,HS,Kang @ridwankamil ,"termasuk rakyat Jabar. https://t.co/b2WetyvrbZ""",,,,,,,
580,HS,plis jangan sok kecantikan selalu pacarin artis2 yang lagi meletek,,,,,,,,
581,HS,paling mau muntah liat lagak nya @AHMADDHANIPRAST,,,,,,,,
582,HS,@Metro_TV kalau boleh saya ngomong ingin saya katakan ahmad dhani monyet babi anjing. tapi itu tidak boleh,,,,,,,,
583,HS,perempuan kaya lo mending mati aja deh,,,,,,,,
584,HS,ahmad dhani itu borok," anjing. Saya adalah orang pertama yg sangat muak liat muka dhani dan saya berbangga.""",,,,,,,
585,HS,Lah emang sdh jelas2 si ahok terdakwa penista agama. Malu woy! https://t.co/2K0HlMpR9t,,,,,,,,
586,HS,Keputusan ERKA hari ini harus kita HORMATI,,,,,,,,
587,HS,Lupakan @ridwankamil biarkan karam dg kapal munafiknya. kita bangun jabar dg kapal yg bersih. Delete partai pendukung penista agama dari hati,,,,,,,,
588,HS,Masalah dunia dan masalah nafsu ya kang @ridwankamil . Kata2 kok bersayap kayak burung hantu. https://t.co/mwClbkU4sT,,,,,,,,
589,HS,Penista Agama menjadi Santri Kehormatan.Yang kasih ini ke ahok otaknya perlu direparasi.Demi Pulkada nama Santri yg baik kailan jual belikan,,,,,,,,
590,HS,Payah banget @ridwankamil maju Jabar1 pakai partai Nasdem pendukung penista agama,,,,,,,,
591,HS,polisi yg jadi imam sholat ini adalah seorang penista agama,,,,,,,,
592,HS,RT @ferdyfrodoo: @bayprio Itulah kebodohan para penista agama,,,,,,,,
593,HS,RT @Ra_Ria_Rana: GAK HABIS PIKIR???\n\nTINGGAL NUNGGU ADZAB ALLAH NIH NEGERI,," PEMIMPINNYA SDH DZALIM https://t.co/UmZK4bTyi4""",,,,,,
594,HS,Sini lu,,,,,,,,
595,HS,SETUJU SAYA,,,,,,,,
596,HS,Senang dong ada yg fans mati sampai lupa kalau dia bego banget https://t.co/ctJFC5a8Zz,,,,,,,,
597,HS,@AHMADDHANIPRAST LO TUH BABI ANJING. Mampus kalah jatuh miskin deh #bekasisah,,,,,,,,
598,HS,@bayprio : Si AHOAK @basuki_btp CINA ANJING KAFIR PENISTA AGAMA ISLAM....!!!,,,,,,,,
599,HS,@AHMADDHANIPRAST aku katakan anjing kpd ahmad dani,,,,,,,,
600,HS,@Bisniscom haha memaki untuk melawan mah harus," taubat rot""",,,,,,,
601,HS,@Anakran63208433 @5ec4a1e80d3c48c @aniesbaswedan pikiran anak bani kampret g beda jauh sma penista agama. Penfitnah,,,,,,,,
602,HS,@Gemacan70 itu yg cewe pake kerudung ngapain ya? Setiap kali konfrensi pers ada aja.. Pencitraan Islami kaliiii... Bwahaha..!!,,,,,,,,
603,HS,@republikaonline spt ahok dulu .. nasdem disusul dg cs nya .. yg mendukung paslon penista agama dan tukang caci maki tai tai ..,,,,,,,,
604,HS,@topan_julian1 kalo mecin jangan dijadiin cemilan mangkannya kang. Jadi begonya bego banget.,,,,,,,,
605,HS,@ulinyusron cm didoain kalau saya mah ketemu si penista agama langsung saya ceburin laut yg direklamasi ijin sembunyi2 buat tumbal reklamasi,,,,,,,,
606,HS,@ymerdeka33 @ach_qodr @basuki_btp cabe2an bisa nya hanya bbm.n facrbook.n!! Masalah politik mana tau doi,,,,,,,,
607,HS,INI MANUSIA APA ANJING MATI-MATIAN RELA JADI MURTADZ DEMI BABI AHOK KAFIR. https://t.co/2XXN5CFdVM,,,,,,,,
608,HS,ini semua berawal dari AHOK JAMBAN yg dibela aparat,,,,,,,,
609,HS,Kami lebih resah anda jd presiden!!!! hidup anda penuh drama dan pencitraan,,,,,,,,
610,HS,Mana bisa percya lagi,,,,,,,,
611,HS,Mari seluruh Muslim CYBER Army mulai skrg ganti semua sebutan A....K menjadi Terdakwa Penista Agama !,,,,,,,,
612,HS,Orang Islam lebih suka si HOAX penista agama,,,,,,,,
613,HS,RT @izzah_pandeka: #Nomor2Koruptor negeri para korup diasuh cino babi https://t.co/wJXalyPxPn,,,,,,,,
614,HS,RT @Gemacan70: Hajar bleh hanya untuk bela #Nomor2Koruptor...cuihhhhhh https://t.co/o4nnZBkNYS,,,,,,,,
615,HS,RT @korban_gusur: @RakyatBiasa1945 Ada CEBONG GENDHENG NGAMUK2 belain si HOMO PENISTA AGAMA!! HAHAHA @OshMuslim @RebusKentang @m3g4,,,,,,,,
616,HS,RT @Ustadtengku1: @RizieqSyihabFPI tolol itu banyak yg bela penista agama walau sudah tersangka,,,,,,,,
617,HS,Orang punya saksi anjing dikasus babi.. Tolol https://t.co/ssePg5FCXm,,,,,,,,
618,HS,Si Ahok kampret emang gak becus kerja. Pencitraan mlulu tuh si Ahok kampret. https://t.co/yM5ViOFvpc,,,,,,,,
619,HS,Sini lu,,,,,,,,
620,HS,Tanda2 kiamat x yak,,,,,,,,
621,HS,#JanganMauDibohongiAhok sebab Ahok Sumber Kekacauan Politik,,,,,,,,
622,HS,#MataNajwaDebatJakarta Anies anda SADIS. Topengmu terbuka lebar malam ini. Biar warga DKI yg menilai...apa yg anda katakan adalah PENGECUT,,,,,,,,
623,HS,Anies congornya aja gede. Realisasinya gak ada. Janji terus dari awal bisanya paling korupsi. Balik jadi dosen aja bangsat.,,,,,,,,
624,HS,#MataNajwaDebatJakarta Hebatnya,,,,,,,,
625,HS,#MataNajwaDebatJakarta kalau untuk urusan bacot memang anis nya juaranya..memang kita bakal makan bacot di jakarta..haha..paslon yg aneh gede bacot doang.,,,,,,,,
626,HS,#MataNajwaDebatJakarta pak anies banyak omdo dulu waktu jd menteri terobosannya apa?? skrg ngomong ky sok Jago bgt,,,,,,,,
627,HS,#MataNajwaDebatJakarta si Cina Babi ahok bloon banget. Sok pinter banget lagi. Asal bukan Ahok,,,,,,,,
628,HS,#MataNajwaDebatJakarta lucu banget jawaban ahok.. gak nyambung. Ditanya apa di jawab apa. Kena skak mat d pertanyaan isu agama tdi. Dasar cina tolol hahaha,,,,,,,,
629,HS,#MataNajwaDebatJakarta topeng anda hari ini fix terbuka @aniesbaswedan .. anda sama dgn yg mendukung anda.. BAU BUSUK,,,,,,,,
630,HS,#MataNajwaDebatJakarta Pak Anies suka nyinyir,,,,,,,,
631,HS,Babi... iya memang si Ahok gak jauh kayak Babi..,,,,,,,,
632,HS,Si tengkuk babi sipit bangke agen dajjal mau jadi onta hahaha. Orang waras juga tau kasus ahok dipaksakan!!,,,,,,,,
633,HS,itu kan kata ahok kafir..umat islam anti ahok karena ahok itu kafr ditambah ahok itu cina yg suka makan babi & bir,,,,,,,,
634,HS,gw harus bilang Babi Ahok apa dong selain kafir,,,,,,,,
635,HS,sibabi china sangat biadab memperlakukan kaum PRIBUMI,,,,,,,,
636,HS,ahok kafir takut debat dengan rakyat asli pribumi nelayan dan para pakar reklamasi dari rakyat.. ahok kafir bencong,,,,,,,,
637,HS,nampaknya sudah satu paket penyokong cina babi pasti juga sokong LGBT,,,,,,,,
638,HS,kebiadaban ahok cina kafir anak2 rakyat kecil pribumi dan ibu2 islam semua digusur dari rumahnya serta kehidupannya,,,,,,,,
639,HS,tim ahok yg otak wc otak tumpul justru anies itu sdh komit sekali dgn pancasila ,,,,,,,,
640,HS,#MataNajwaDebatJakarta Pak Anies sudah meninggalkan ketenangan dan ketulusannya dalam debat malam ini,,,,,,,,
641,HS,"SELAMA PROSES #SidangAhok WASPADAI ULAMA2 KUBU AHOK..YAKNI ULAMA2 ""MUNAFIK"" YANG SESAT DAN MENYESATKAN..!!",,,,,,,,
642,HS,anies akan merangkul dua2nya untuk persatuan tidak spt ente dangkal & cekak intelektual hanya jadi budak ahok kafir.,,,,,,,,
643,HS,kebiadaban ahok cina kafir rakyat kecil yg jadi PKL & asongan2 digusur2 dan dianiaya spt teroris,,,,,,,,
644,HS,RT @LeonartoRabono: tapi kenyataanya jutaan rakyat kecil asli pribumi yg miskin justru semakin dimiskinkan oleh ahok cina kafir....,,,,,,,,
645,HS,Itulah Indonesia. Yg dibully org yg bener.Yg salah dan binatang2 seperti nomor tiga dibiarin berkeliaran #matanajwadebatjakarta pak an https://t.co/jYSg6x1A,,,,,,,,
646,HS,#SidangAhok smg sipenista agama n ateknya matinya tdk wjar n jasadnya tdk dtrma tnh n dia tdk prnh mrs kn sorga,,,,,,,,
647,HS,iya,"oh ya sumber waras n nama d kasus E ktp apkabar?skakmat""",,,,,,,
648,HS,Penjarakan semua cina kafir dan ateis! Termasuk Ahok pemimpin babi tukang korupsi!,,,,,,,,
649,HS,Kampanye rasis ngmg nya pihak ahok yg di untungkan.. Goblok kafir mana ada di untungkan.. Kalau pada di perkosa bunuh lu enak berduit,,,,,,,,
650,HS,hahaha idiot bilang kpd orang2 kafir terurama para nasrani pendukung2 ahok kafir jangan memasuki wilayah2 syariat islam,,,,,,,,
651,HS,I HASIL MAKMAK KALIAN JUAL PUKINYA. BAGI KSLIAN YG BERPIHAK KEPADA PKI DAN SI AHOK ANAK CHINA ANJING KAFIR INI. SERTA NKRI BUKAN DIDAPAT,,,,,,,,
652,HS,Tim pendukung sakit jiwa,,,,,,,,
653,HS,#IklanAhokJahat Hati hati Mereka Mulai Prustasi dan Memainkan Cara cara Kasar !! Karena hasil dari berbagai survei si penista agama kalah!!,,,,,,,,
654,HS,HOOKK,,,,,,,,
655,HS,Kayak gini nih kampanye Tim AniesSandiUno ke kampung2 mengintimidasi masyarakat. Kampungan ye? #ASUtenan,,,,,,,,
656,HS,SI KUTIL BABI TELAH MELECEHKAN PRIBUMI DAN UMAT ISLAM #IklanAhokJahat,,,,,,,,
657,HS,NGOMONG AJA ENTE SAMA KACA! MEMECAH BELAH KERUKUNAN LAGI HOK ENTE BISANYA. NGACO! #IklanAhokJahat,,,,,,,,
658,HS,#iklanahokjahat Terorist nyata di Indonesia... Bukan wahabi,,,,,,,,
659,HS,RT @TerorisSocmed: Sadarlah wahai anak Bangsa,,,,,,,,
660,HS,Sepertinya gerombolan @basuki_btp rindu kerusuhan,,,,,,,,
661,HS,Ahok and Bani serbet and wereng Coklat MEMANCING UMAT MUSLIM supaya marah? dengan #IklanAhokJahat. KALIAN ITU KUMPULAN ORANG SINTING,,,,,,,,
662,HS,#IklanAhokJahat baru ada direzim jokopret,"dajjal dibangkitkan dr kuburnya. Mereka gembira berpesta pora setelah lama dibelenggu""",,,,,,,
663,HS,Yang anti cina & mau ganyang cina tuh siapaaaa..??? kami cuma anti AHOK sang Penista Agama! #kampanyeAhokJahat #IklanAhokJahat #kampanyeSARA,,,,,,,,
664,HS,Udah bingung kalik mau pakai cara apa untuk kampanye. Sampai2 bikin fitnah yang kayak begituan. Depresi ya takut kalah? #IklanAhokJahat,,,,,,,,
665,HS,Tahukah Anda apa persamaan antara malin kundang dengan Ahok? mereka berdua sama-sam DURHAKA!!!!!!! #ASBAK #iklanahokjahat #kampanyeahokjahat,,,,,,,,
666,HS,HADUH KELAKUANMU HOK,,,,,,,,
667,HS,RT @sarwandi_sr: #IklanAhokJahat bikin darah mendidih. bangsat penuh dengan propaganda. emang lo kira islam radikal ?Kalau kami mau,,,,,,,,
668,HS,Kapolda Babi! Biadap dan Bodoh! Gak punya otak kali.,,,,,,,,
669,HS,Jangan2 lagi deh @basuki_btp hina islam,,,,,,,,
670,HS,AHOK KAFIR DAN BUDAK2NYA ATAU ANJING2 NYA HANYA SEBAGAI SAMPAH AGAMA ISLAM DAN SAMPAH MASYARAKAT,,,,,,,,
671,HS,umat agama islam dijakarta sangat haram dan sangat najis sekali dengan ahok kafir kristen...,,,,,,,,
672,HS,19 april CNN kibarkan bendera kuning atas kematian ahok-djarot....,,,,,,,,
673,HS,itulah akibat ulah orang2 kafir nasrani persis seperti ahok kafir yg melarang jilbab kepada anak2 sekokah di jakarta....,,,,,,,,
674,HS,baswedan pantas jadi gubernur jakarta dan komisioner KPK..... ahok kafir pantasnya jadi germo di alexis....,,,,,,,,
675,HS,RT @yudijannis: #IklanAhokJahat bagaimana klo kita ganyang beneran hok?itu sih maunya elo ya hok,,,,,,,,
676,HS,masalahnya djarot tidak bisa memikirkan rakyat kecil pribumi bisanya hanya membabu kpd cina2 betul2 songong jongkok.,,,,,,,,
677,HS,otak wc otak babi yg menerima ahok kafir & kamu,,,,,,,,
678,HS,DALAM PUTARAN DUA NANTI JIKA SAMPAI AHOK KAFIR CURANG UMAT ISLAM SUDAH KOMITMEN JAKARTA AKAN DIJADIKAN LAUTAN API,,,,,,,,
679,HS,#IKLANAHOKJAHAT AHOK MENCIPTAKAN BARA API ANTARA RAKYAT PRIBUMI DENGAN TIONGHOA YG DIBALUT DENGAN PHOBIA.... AHOK KAFIR RASIS...,,,,,,,,
680,HS,jangan heran pemerintahan jokowi sekarang ini budaknya kulinya cina2 ahok kafir dan 9 naga...,,,,,,,,
681,HS,Ya itu namanya cawgub goblok gak ngerti peraturan debat....kelihatan bego dan liciknya itu sandiaga uno.,,,,,,,,
682,HS,BODOH jika para pendukung ahok yg Muslim tidak tersinggung sama sekali ! Tapi bisa aja sih Qur'an d hina saja mrka diam #IklanAhokJahat,,,,,,,,
683,HS,Gubraaaaak!!!! Malu liatnya... Untung semalem debat ga kaya MATA NAJWA.. Coba kalo formatnya sama pasti Ringsek dah pasangan ASU...,,,,,,,,
684,HS,YG JELAS OTAK AHOK-DJAROT SUDAH SANGAT TUMPUL SANGAT LOYO DAN STRESS..... SUDAH JEBOL HARUS DICOPOT DAN DIGANTI.....,,,,,,,,
685,HS,AHOK KAFIR BUKAN HANYA MALING TAPI JUGA GARONG,,,,,,,,
686,HS,Sumpah bego bgt sih kesel gue. Kenapa ada org yg vote makhluk kayak Sandiaga Uno coba. Oh agama,,,,,,,,
687,HS,responden2 yangg goblok2 belum faham & juga wartawan beritasatu juga goblok,,,,,,,,
688,HS,FPI RENOVASI MASJID ITU SANGAT TEPAT,,,,,,,,
689,HS,MENGAPA ahoker KRISTEN & MUNAFIK tidak berhenti mengolok2 GEREJA stiap hari? Apakah mereka memang dibriefing ahok untuk menghina si BUMI DATAR?,,,,,,,,
690,HS,uma surveynya si Botak yg menangkan Ahok. Karena apa? Karena dia Cina Kristen. Bukti kalo si Botak dukung sesama Cina Kristen,,,,,,,,
691,HS,AHOK PEMECAH BELAH UMMAT, JELAS AHOK INI RASIS," PKI TULEN""",,,,,,
692,HS,Woy @aagym lu udah nonton yang ini? Fitnah? Pale lu peyang gym. https://t.co/U3QhuJpwg,,,,,,,,
693,HS,Ahok :memilih pemimpin Berdasarkan agama melanggar konstitusi. Sebaiknya BABI INI DI BUNGKUS aja,,,,,,,,
694,HS,Saya pribumi,,,,,,,,
695,HS,Maksudnya terbukti KORUPSI dan PENISTAAN agama nya ya om," maaf gw pake Bahasa Babi Ahok.""",,,,,,,
696,HS,Ehh TAIK, yg MO potong leher TNI, Bangsat lo IwAn bopeng, baek2in TNI. TAIK LO,"HS	Ehh anak anjing Ahok", Kelan itu blon siuman, mending emut2 bool basuki lagi aja sana, kasih tau sama Babi yg lain," bool basuki wangi gitu"""
697,HS,CWE CAKEP TP BEGO.PANTES GK LAKU.SI AHOK CINA BAU TAI.MAKAN BUBUR ENCER.AHOK FAHAM KOMUNIS.MENISTA ISLAM & KRISTEN,,,,,,,,
698,HS,Dan ajeng pasti paham si Babi Ahok klo bicara santun, ANJING, SETAN LO," dngn intonasi yg familiar tuntuna""",,,,,
699,HS,Itu dia, PENISTA AGAMA PULA," PANGGILAN POPULAR NYA BABI AHOK""",,,,,,
700,HS,Gimana dgn Sumber waras.. Trans Jakarta ko jokowi diem ajah.... Harusnya si kutil babi ahok di ganyang,,,,,,,,
701,HS,Muka Si BABi Ahok Tuh Yg Mirip SERBET Lantai....@basuki_btp...,,,,,,,,
702,HS,Betul bang hancurkan merka bang,,,,,,,,
703,HS,Sapa Yg bilang Ahok anti korupsi!?,,,,,,,,
704,HS,Gw juga ngimpi SENTILIN BIJI BABI AHOK, ngadu ke Jkw, Jkw: makanye sunat dulu," bru NGOMONG Almaidah.""",,,,,
705,HS,Mudah2an gw ketemu sama SI BABI IWAN BOPENG DI TPS nya anjing Ahok,,,,,,,,
